journal_id,journal_name,publisher,status,confidence,warning,best_candidate,best_candidate_confidence,best_candidate_id,openalex_search_hint
aana-journal,AANA Journal,AANA Publishing,unresolved,0,"OpenAlex search errors: AANA Journal: OpenAlex 429 Too Many Requests: {""error"":""Rate limit exceeded"",""message"":""Insufficient budget. This request costs $0.001 but you only have $0 remaining. Resets at midnight UTC. Need more? Add funds at https://openalex.org/pricing"",""retryAfter"":39472,""costUsd"":0.001,""dailyRemainingUsd"":0,""prepaidRemainingUsd"":0,""creditsRequired"":10 | Journal of the American Association of Nurse Anesthetists: OpenAlex 429 Too Many Requests: {""error"":""Rate limit exceeded"",""message"":""Insufficient budget. This request costs $0.001 but you only have $0 remaining. Resets at midnight UTC. Need more? Add funds at https://openalex.org/pricing"",""retryAfter"":39472,""costUsd"":0.001,""dailyRemainingUsd"":0,""prepaidRemainingUsd"":0,""creditsRequired"":10",,,,/sources?search=AANA%20Journal&filter=type:journal&per-page=5
aacn-advanced-critical-care,AACN Advanced Critical Care,American Association of Critical-Care Nurses,unresolved,0,OpenAlex resolution skipped: OpenAlex API budget/rate limit was exhausted; skipped remaining source searches.,,,,/sources?search=AACN%20Advanced%20Critical%20Care&filter=type:journal&per-page=5
acta-paulista-de-enfermagem,Acta Paulista de Enfermagem,"Universidade Federal de São Paulo, Department of Nursing",unresolved,0,OpenAlex resolution skipped: OpenAlex API budget/rate limit was exhausted; skipped remaining source searches.,,,,/sources?search=Acta%20Paulista%20de%20Enfermagem&filter=type:journal&per-page=5
advanced-emergency-nursing-journal,Advanced Emergency Nursing Journal,"Wolters Kluwer, Lippincott Williams & Wilkins",unresolved,0,OpenAlex resolution skipped: OpenAlex API budget/rate limit was exhausted; skipped remaining source searches.,,,,/sources?search=Advanced%20Emergency%20Nursing%20Journal&filter=type:journal&per-page=5
advances-in-neonatal-care,Advances in Neonatal Care,"Wolters Kluwer, Lippincott Williams & Wilkins",unresolved,0,OpenAlex resolution skipped: OpenAlex API budget/rate limit was exhausted; skipped remaining source searches.,,,,/sources?search=Advances%20in%20Neonatal%20Care&filter=type:journal&per-page=5
advances-in-nursing-science,Advances in Nursing Science,"Wolters Kluwer, Lippincott Williams & Wilkins",unresolved,0,OpenAlex resolution skipped: OpenAlex API budget/rate limit was exhausted; skipped remaining source searches.,,,,/sources?search=Advances%20in%20Nursing%20Science&filter=type:journal&per-page=5
advances-in-skin-and-wound-care,Advances in Skin & Wound Care,"Wolters Kluwer, Lippincott Williams & Wilkins",unresolved,0,OpenAlex resolution skipped: OpenAlex API budget/rate limit was exhausted; skipped remaining source searches.,,,,/sources?search=Advances%20in%20Skin%20%26%20Wound%20Care&filter=type:journal&per-page=5
advances-in-wound-care,Advances in Wound Care,Mary Ann Liebert / SAGE,unresolved,0,OpenAlex resolution skipped: OpenAlex API budget/rate limit was exhausted; skipped remaining source searches.,,,,/sources?search=Advances%20in%20Wound%20Care&filter=type:journal&per-page=5
african-journal-of-nursing-and-midwifery,African Journal of Nursing and Midwifery,UNISA Press,unresolved,0,OpenAlex resolution skipped: OpenAlex API budget/rate limit was exhausted; skipped remaining source searches.,,,,/sources?search=African%20Journal%20of%20Nursing%20and%20Midwifery&filter=type:journal&per-page=5
aide-soignante,Aide Soignante,Elsevier Masson,unresolved,0,OpenAlex resolution skipped: OpenAlex API budget/rate limit was exhausted; skipped remaining source searches.,,,,/sources?search=Aide%20Soignante&filter=type:journal&per-page=5
aids-patient-care-and-stds,AIDS Patient Care and STDs,Mary Ann Liebert,unresolved,0,OpenAlex resolution skipped: OpenAlex API budget/rate limit was exhausted; skipped remaining source searches.,,,,/sources?search=AIDS%20Patient%20Care%20and%20STDs&filter=type:journal&per-page=5
aims-journal,AIMS Journal,Association for Improvements in Maternity Services,unresolved,0,OpenAlex resolution skipped: OpenAlex API budget/rate limit was exhausted; skipped remaining source searches.,,,,/sources?search=AIMS%20Journal&filter=type:journal&per-page=5
aims-public-health,AIMS Public Health,American Institute of Mathematical Sciences,unresolved,0,OpenAlex resolution skipped: OpenAlex API budget/rate limit was exhausted; skipped remaining source searches.,,,,/sources?search=AIMS%20Public%20Health&filter=type:journal&per-page=5
ajog-global-reports,AJOG Global Reports,Elsevier,unresolved,0,OpenAlex resolution skipped: OpenAlex API budget/rate limit was exhausted; skipped remaining source searches.,,,,/sources?search=AJOG%20Global%20Reports&filter=type:journal&per-page=5
american-journal-of-critical-care,American Journal of Critical Care,American Association of Critical-Care Nurses,unresolved,0,OpenAlex resolution skipped: OpenAlex API budget/rate limit was exhausted; skipped remaining source searches.,,,,/sources?search=American%20Journal%20of%20Critical%20Care&filter=type:journal&per-page=5
american-journal-of-nursing,American Journal of Nursing,"Wolters Kluwer, Lippincott Williams & Wilkins",unresolved,0,OpenAlex resolution skipped: OpenAlex API budget/rate limit was exhausted; skipped remaining source searches.,,,,/sources?search=American%20Journal%20of%20Nursing&filter=type:journal&per-page=5
anna-nery-school-journal-of-nursing,Anna Nery School Journal of Nursing,Universidade Federal do Rio de Janeiro,unresolved,0,OpenAlex resolution skipped: OpenAlex API budget/rate limit was exhausted; skipped remaining source searches.,,,,/sources?search=Anna%20Nery%20School%20Journal%20of%20Nursing&filter=type:journal&per-page=5
annals-of-nursing-and-practice,Annals of Nursing and Practice,JSciMed Central,unresolved,0,OpenAlex resolution skipped: OpenAlex API budget/rate limit was exhausted; skipped remaining source searches.,,,,/sources?search=Annals%20of%20Nursing%20and%20Practice&filter=type:journal&per-page=5
aorn-journal,AORN Journal,Wiley,unresolved,0,OpenAlex resolution skipped: OpenAlex API budget/rate limit was exhausted; skipped remaining source searches.,,,,/sources?search=AORN%20Journal&filter=type:journal&per-page=5
applied-nursing-research,Applied Nursing Research,"Elsevier, W.B. Saunders",unresolved,0,OpenAlex resolution skipped: OpenAlex API budget/rate limit was exhausted; skipped remaining source searches.,,,,/sources?search=Applied%20Nursing%20Research&filter=type:journal&per-page=5
aquichan,Aquichan,Universidad de La Sabana,unresolved,0,OpenAlex resolution skipped: OpenAlex API budget/rate limit was exhausted; skipped remaining source searches.,,,,/sources?search=Aquichan&filter=type:journal&per-page=5
archives-of-psychiatric-nursing,Archives of Psychiatric Nursing,"Elsevier, W.B. Saunders",unresolved,0,OpenAlex resolution skipped: OpenAlex API budget/rate limit was exhausted; skipped remaining source searches.,,,,/sources?search=Archives%20of%20Psychiatric%20Nursing&filter=type:journal&per-page=5
asia-pacific-journal-of-oncology-nursing,Asia-Pacific Journal of Oncology Nursing,Asian Oncology Nursing Society / Elsevier,unresolved,0,OpenAlex resolution skipped: OpenAlex API budget/rate limit was exhausted; skipped remaining source searches.,,,,/sources?search=Asia-Pacific%20Journal%20of%20Oncology%20Nursing&filter=type:journal&per-page=5
asian-nursing-research,Asian Nursing Research,Korean Society of Nursing Science,unresolved,0,OpenAlex resolution skipped: OpenAlex API budget/rate limit was exhausted; skipped remaining source searches.,,,,/sources?search=Asian%20Nursing%20Research&filter=type:journal&per-page=5
asian-pacific-island-nursing-journal,Asian/Pacific Island Nursing Journal,JMIR Publications,unresolved,0,OpenAlex resolution skipped: OpenAlex API budget/rate limit was exhausted; skipped remaining source searches.,,,,/sources?search=Asian/Pacific%20Island%20Nursing%20Journal&filter=type:journal&per-page=5
assistenza-infermieristica-e-ricerca,Assistenza Infermieristica e Ricerca,Il Pensiero Scientifico Editore,unresolved,0,OpenAlex resolution skipped: OpenAlex API budget/rate limit was exhausted; skipped remaining source searches.,,,,/sources?search=Assistenza%20Infermieristica%20e%20Ricerca&filter=type:journal&per-page=5
australasian-emergency-care,Australasian Emergency Care,Elsevier,unresolved,0,OpenAlex resolution skipped: OpenAlex API budget/rate limit was exhausted; skipped remaining source searches.,,,,/sources?search=Australasian%20Emergency%20Care&filter=type:journal&per-page=5
australian-critical-care,Australian Critical Care,Elsevier,unresolved,0,OpenAlex resolution skipped: OpenAlex API budget/rate limit was exhausted; skipped remaining source searches.,,,,/sources?search=Australian%20Critical%20Care&filter=type:journal&per-page=5
australian-journal-of-advanced-nursing,Australian Journal of Advanced Nursing,Australian Nursing and Midwifery Federation,unresolved,0,OpenAlex resolution skipped: OpenAlex API budget/rate limit was exhausted; skipped remaining source searches.,,,,/sources?search=Australian%20Journal%20of%20Advanced%20Nursing&filter=type:journal&per-page=5
avicenna-journal-of-nursing-and-midwifery-care,Avicenna Journal of Nursing and Midwifery Care,Hamadan University of Medical Sciences,unresolved,0,OpenAlex resolution skipped: OpenAlex API budget/rate limit was exhausted; skipped remaining source searches.,,,,/sources?search=Avicenna%20Journal%20of%20Nursing%20and%20Midwifery%20Care&filter=type:journal&per-page=5
belitung-nursing-journal,Belitung Nursing Journal,Belitung Raya Foundation,unresolved,0,OpenAlex resolution skipped: OpenAlex API budget/rate limit was exhausted; skipped remaining source searches.,,,,/sources?search=Belitung%20Nursing%20Journal&filter=type:journal&per-page=5
biological-research-for-nursing,Biological Research for Nursing,SAGE,unresolved,0,OpenAlex resolution skipped: OpenAlex API budget/rate limit was exhausted; skipped remaining source searches.,,,,/sources?search=Biological%20Research%20for%20Nursing&filter=type:journal&per-page=5
birth-issues-in-perinatal-care,Birth: Issues in Perinatal Care,Wiley,unresolved,0,OpenAlex resolution skipped: OpenAlex API budget/rate limit was exhausted; skipped remaining source searches.,,,,/sources?search=Birth%3A%20Issues%20in%20Perinatal%20Care&filter=type:journal&per-page=5
bmc-nursing,BMC Nursing,BMC / Springer Nature,unresolved,0,OpenAlex resolution skipped: OpenAlex API budget/rate limit was exhausted; skipped remaining source searches.,,,,/sources?search=BMC%20Nursing&filter=type:journal&per-page=5
bmc-palliative-care,BMC Palliative Care,BMC / Springer Nature,unresolved,0,OpenAlex resolution skipped: OpenAlex API budget/rate limit was exhausted; skipped remaining source searches.,,,,/sources?search=BMC%20Palliative%20Care&filter=type:journal&per-page=5
bmj-supportive-and-palliative-care,BMJ Supportive & Palliative Care,BMJ Publishing Group,unresolved,0,OpenAlex resolution skipped: OpenAlex API budget/rate limit was exhausted; skipped remaining source searches.,,,,/sources?search=BMJ%20Supportive%20%26%20Palliative%20Care&filter=type:journal&per-page=5
breastfeeding-medicine,Breastfeeding Medicine,Mary Ann Liebert / SAGE,unresolved,0,OpenAlex resolution skipped: OpenAlex API budget/rate limit was exhausted; skipped remaining source searches.,,,,/sources?search=Breastfeeding%20Medicine&filter=type:journal&per-page=5
breastfeeding-review,Breastfeeding Review,Australian Breastfeeding Association,unresolved,0,OpenAlex resolution skipped: OpenAlex API budget/rate limit was exhausted; skipped remaining source searches.,,,,/sources?search=Breastfeeding%20Review&filter=type:journal&per-page=5
british-journal-of-child-health,British Journal of Child Health,MA Healthcare,unresolved,0,OpenAlex resolution skipped: OpenAlex API budget/rate limit was exhausted; skipped remaining source searches.,,,,/sources?search=British%20Journal%20of%20Child%20Health&filter=type:journal&per-page=5
british-journal-of-community-nursing,British Journal of Community Nursing,MA Healthcare,unresolved,0,OpenAlex resolution skipped: OpenAlex API budget/rate limit was exhausted; skipped remaining source searches.,,,,/sources?search=British%20Journal%20of%20Community%20Nursing&filter=type:journal&per-page=5
british-journal-of-healthcare-management,British Journal of Healthcare Management,MA Healthcare,unresolved,0,OpenAlex resolution skipped: OpenAlex API budget/rate limit was exhausted; skipped remaining source searches.,,,,/sources?search=British%20Journal%20of%20Healthcare%20Management&filter=type:journal&per-page=5
british-journal-of-mental-health-nursing,British Journal of Mental Health Nursing,MA Healthcare,unresolved,0,OpenAlex resolution skipped: OpenAlex API budget/rate limit was exhausted; skipped remaining source searches.,,,,/sources?search=British%20Journal%20of%20Mental%20Health%20Nursing&filter=type:journal&per-page=5
british-journal-of-midwifery,British Journal of Midwifery,MA Healthcare,unresolved,0,OpenAlex resolution skipped: OpenAlex API budget/rate limit was exhausted; skipped remaining source searches.,,,,/sources?search=British%20Journal%20of%20Midwifery&filter=type:journal&per-page=5
british-journal-of-nursing,British Journal of Nursing,MA Healthcare,unresolved,0,OpenAlex resolution skipped: OpenAlex API budget/rate limit was exhausted; skipped remaining source searches.,,,,/sources?search=British%20Journal%20of%20Nursing&filter=type:journal&per-page=5
british-journal-of-school-nursing,British Journal of School Nursing,MA Healthcare,unresolved,0,OpenAlex resolution skipped: OpenAlex API budget/rate limit was exhausted; skipped remaining source searches.,,,,/sources?search=British%20Journal%20of%20School%20Nursing&filter=type:journal&per-page=5
canadian-journal-of-infection-control,Canadian Journal of Infection Control,Infection Prevention and Control Canada,unresolved,0,OpenAlex resolution skipped: OpenAlex API budget/rate limit was exhausted; skipped remaining source searches.,,,,/sources?search=Canadian%20Journal%20of%20Infection%20Control&filter=type:journal&per-page=5
canadian-journal-of-nursing-research,Canadian Journal of Nursing Research,SAGE,unresolved,0,OpenAlex resolution skipped: OpenAlex API budget/rate limit was exhausted; skipped remaining source searches.,,,,/sources?search=Canadian%20Journal%20of%20Nursing%20Research&filter=type:journal&per-page=5
cancer-nursing,Cancer Nursing,"Wolters Kluwer, Lippincott Williams & Wilkins",unresolved,0,OpenAlex resolution skipped: OpenAlex API budget/rate limit was exhausted; skipped remaining source searches.,,,,/sources?search=Cancer%20Nursing&filter=type:journal&per-page=5
central-european-journal-of-nursing-and-midwifery,Central European Journal of Nursing and Midwifery,University of Ostrava,unresolved,0,OpenAlex resolution skipped: OpenAlex API budget/rate limit was exhausted; skipped remaining source searches.,,,,/sources?search=Central%20European%20Journal%20of%20Nursing%20and%20Midwifery&filter=type:journal&per-page=5
child-health-nursing-research,Child Health Nursing Research,Korean Academy of Child Health Nursing,unresolved,0,OpenAlex resolution skipped: OpenAlex API budget/rate limit was exhausted; skipped remaining source searches.,,,,/sources?search=Child%20Health%20Nursing%20Research&filter=type:journal&per-page=5
chinese-journal-of-nursing,Chinese Journal of Nursing,Chinese Nursing Journals Publishing House,unresolved,0,OpenAlex resolution skipped: OpenAlex API budget/rate limit was exhausted; skipped remaining source searches.,,,,/sources?search=Chinese%20Journal%20of%20Nursing&filter=type:journal&per-page=5
chinese-journal-of-nursing-education,Chinese Journal of Nursing Education,Chinese Nursing Journals Publishing House,unresolved,0,OpenAlex resolution skipped: OpenAlex API budget/rate limit was exhausted; skipped remaining source searches.,,,,/sources?search=Chinese%20Journal%20of%20Nursing%20Education&filter=type:journal&per-page=5
chinese-journal-of-practical-nursing,Chinese Journal of Practical Nursing,Chinese Medical Journals Publishing House,unresolved,0,OpenAlex resolution skipped: OpenAlex API budget/rate limit was exhausted; skipped remaining source searches.,,,,/sources?search=Chinese%20Journal%20of%20Practical%20Nursing&filter=type:journal&per-page=5
ciencia-y-enfermeria,Ciencia y Enfermería,Universidad de Concepción,unresolved,0,OpenAlex resolution skipped: OpenAlex API budget/rate limit was exhausted; skipped remaining source searches.,,,,/sources?search=Ciencia%20y%20Enfermer%C3%ADa&filter=type:journal&per-page=5
cin-computers-informatics-nursing,"CIN: Computers, Informatics, Nursing","Wolters Kluwer, Lippincott Williams & Wilkins",unresolved,0,OpenAlex resolution skipped: OpenAlex API budget/rate limit was exhausted; skipped remaining source searches.,,,,/sources?search=CIN%3A%20Computers%2C%20Informatics%2C%20Nursing&filter=type:journal&per-page=5
clinical-journal-of-oncology-nursing,Clinical Journal of Oncology Nursing,Oncology Nursing Society,unresolved,0,OpenAlex resolution skipped: OpenAlex API budget/rate limit was exhausted; skipped remaining source searches.,,,,/sources?search=Clinical%20Journal%20of%20Oncology%20Nursing&filter=type:journal&per-page=5
clinical-nurse-specialist,Clinical Nurse Specialist,"Wolters Kluwer, Lippincott Williams & Wilkins",unresolved,0,OpenAlex resolution skipped: OpenAlex API budget/rate limit was exhausted; skipped remaining source searches.,,,,/sources?search=Clinical%20Nurse%20Specialist&filter=type:journal&per-page=5
clinical-nursing-research,Clinical Nursing Research,SAGE,unresolved,0,OpenAlex resolution skipped: OpenAlex API budget/rate limit was exhausted; skipped remaining source searches.,,,,/sources?search=Clinical%20Nursing%20Research&filter=type:journal&per-page=5
clinical-simulation-in-nursing,Clinical Simulation in Nursing,Elsevier,unresolved,0,OpenAlex resolution skipped: OpenAlex API budget/rate limit was exhausted; skipped remaining source searches.,,,,/sources?search=Clinical%20Simulation%20in%20Nursing&filter=type:journal&per-page=5
cogitare-enfermagem,Cogitare Enfermagem,Universidade Federal do Paraná,unresolved,0,OpenAlex resolution skipped: OpenAlex API budget/rate limit was exhausted; skipped remaining source searches.,,,,/sources?search=Cogitare%20Enfermagem&filter=type:journal&per-page=5
collegian,Collegian,Elsevier,unresolved,0,OpenAlex resolution skipped: OpenAlex API budget/rate limit was exhausted; skipped remaining source searches.,,,,/sources?search=Collegian&filter=type:journal&per-page=5
comprehensive-child-and-adolescent-nursing,Comprehensive Child and Adolescent Nursing,Taylor & Francis,unresolved,0,OpenAlex resolution skipped: OpenAlex API budget/rate limit was exhausted; skipped remaining source searches.,,,,/sources?search=Comprehensive%20Child%20and%20Adolescent%20Nursing&filter=type:journal&per-page=5
contemporary-nurse,Contemporary Nurse,Taylor & Francis,unresolved,0,OpenAlex resolution skipped: OpenAlex API budget/rate limit was exhausted; skipped remaining source searches.,,,,/sources?search=Contemporary%20Nurse&filter=type:journal&per-page=5
creative-nursing,Creative Nursing,SAGE,unresolved,0,OpenAlex resolution skipped: OpenAlex API budget/rate limit was exhausted; skipped remaining source searches.,,,,/sources?search=Creative%20Nursing&filter=type:journal&per-page=5
critical-care-nurse,Critical Care Nurse,American Association of Critical-Care Nurses,unresolved,0,OpenAlex resolution skipped: OpenAlex API budget/rate limit was exhausted; skipped remaining source searches.,,,,/sources?search=Critical%20Care%20Nurse&filter=type:journal&per-page=5
critical-care-nursing-clinics-of-north-america,Critical Care Nursing Clinics of North America,"Elsevier, W.B. Saunders",unresolved,0,OpenAlex resolution skipped: OpenAlex API budget/rate limit was exhausted; skipped remaining source searches.,,,,/sources?search=Critical%20Care%20Nursing%20Clinics%20of%20North%20America&filter=type:journal&per-page=5
critical-care-nursing-quarterly,Critical Care Nursing Quarterly,Wolters Kluwer,unresolved,0,OpenAlex resolution skipped: OpenAlex API budget/rate limit was exhausted; skipped remaining source searches.,,,,/sources?search=Critical%20Care%20Nursing%20Quarterly&filter=type:journal&per-page=5
croatian-nursing-journal,Croatian Nursing Journal,University of Applied Health Sciences Zagreb,unresolved,0,OpenAlex resolution skipped: OpenAlex API budget/rate limit was exhausted; skipped remaining source searches.,,,,/sources?search=Croatian%20Nursing%20Journal&filter=type:journal&per-page=5
cultura-de-los-cuidados,Cultura de los Cuidados,Universidad de Alicante,unresolved,0,OpenAlex resolution skipped: OpenAlex API budget/rate limit was exhausted; skipped remaining source searches.,,,,/sources?search=Cultura%20de%20los%20Cuidados&filter=type:journal&per-page=5
curationis,Curationis,AOSIS,unresolved,0,OpenAlex resolution skipped: OpenAlex API budget/rate limit was exhausted; skipped remaining source searches.,,,,/sources?search=Curationis&filter=type:journal&per-page=5
dimensions-of-critical-care-nursing,Dimensions of Critical Care Nursing,"Wolters Kluwer, Lippincott Williams & Wilkins",unresolved,0,OpenAlex resolution skipped: OpenAlex API budget/rate limit was exhausted; skipped remaining source searches.,,,,/sources?search=Dimensions%20of%20Critical%20Care%20Nursing&filter=type:journal&per-page=5
e-journal-of-dokuz-eylul-university-nursing-faculty,E-Journal of Dokuz Eylul University Nursing Faculty,Dokuz Eylul University,unresolved,0,OpenAlex resolution skipped: OpenAlex API budget/rate limit was exhausted; skipped remaining source searches.,,,,/sources?search=E-Journal%20of%20Dokuz%20Eylul%20University%20Nursing%20Faculty&filter=type:journal&per-page=5
emergency-care-journal,Emergency Care Journal,PAGEPress,unresolved,0,OpenAlex resolution skipped: OpenAlex API budget/rate limit was exhausted; skipped remaining source searches.,,,,/sources?search=Emergency%20Care%20Journal&filter=type:journal&per-page=5
emergency-nurse,Emergency Nurse,RCNi / RCN Publishing,unresolved,0,OpenAlex resolution skipped: OpenAlex API budget/rate limit was exhausted; skipped remaining source searches.,,,,/sources?search=Emergency%20Nurse&filter=type:journal&per-page=5
enfermeria-clinica,Enfermería Clínica,Elsevier España,unresolved,0,OpenAlex resolution skipped: OpenAlex API budget/rate limit was exhausted; skipped remaining source searches.,,,,/sources?search=Enfermer%C3%ADa%20Cl%C3%ADnica&filter=type:journal&per-page=5
enfermeria-global,Enfermería Global,Universidad de Murcia,unresolved,0,OpenAlex resolution skipped: OpenAlex API budget/rate limit was exhausted; skipped remaining source searches.,,,,/sources?search=Enfermer%C3%ADa%20Global&filter=type:journal&per-page=5
enfermeria-intensiva,Enfermería Intensiva,Elsevier España / Ediciones Doyma,unresolved,0,OpenAlex resolution skipped: OpenAlex API budget/rate limit was exhausted; skipped remaining source searches.,,,,/sources?search=Enfermer%C3%ADa%20Intensiva&filter=type:journal&per-page=5
enfermeria-nefrologica,Enfermería Nefrológica,Sociedad Española de Enfermería Nefrológica,unresolved,0,OpenAlex resolution skipped: OpenAlex API budget/rate limit was exhausted; skipped remaining source searches.,,,,/sources?search=Enfermer%C3%ADa%20Nefrol%C3%B3gica&filter=type:journal&per-page=5
european-journal-of-cancer-care,European Journal of Cancer Care,Wiley,unresolved,0,OpenAlex resolution skipped: OpenAlex API budget/rate limit was exhausted; skipped remaining source searches.,,,,/sources?search=European%20Journal%20of%20Cancer%20Care&filter=type:journal&per-page=5
european-journal-of-cardiovascular-nursing,European Journal of Cardiovascular Nursing,Oxford University Press,unresolved,0,OpenAlex resolution skipped: OpenAlex API budget/rate limit was exhausted; skipped remaining source searches.,,,,/sources?search=European%20Journal%20of%20Cardiovascular%20Nursing&filter=type:journal&per-page=5
european-journal-of-midwifery,European Journal of Midwifery,European Publishing,unresolved,0,OpenAlex resolution skipped: OpenAlex API budget/rate limit was exhausted; skipped remaining source searches.,,,,/sources?search=European%20Journal%20of%20Midwifery&filter=type:journal&per-page=5
european-journal-of-oncology-nursing,European Journal of Oncology Nursing,Elsevier / Churchill Livingstone,unresolved,0,OpenAlex resolution skipped: OpenAlex API budget/rate limit was exhausted; skipped remaining source searches.,,,,/sources?search=European%20Journal%20of%20Oncology%20Nursing&filter=type:journal&per-page=5
evidence-based-nursing,Evidence-Based Nursing,BMJ Publishing Group,unresolved,0,OpenAlex resolution skipped: OpenAlex API budget/rate limit was exhausted; skipped remaining source searches.,,,,/sources?search=Evidence-Based%20Nursing&filter=type:journal&per-page=5
florence-nightingale-journal-of-nursing,Florence Nightingale Journal of Nursing,"Istanbul University-Cerrahpaşa, Florence Nightingale Faculty of Nursing",unresolved,0,OpenAlex resolution skipped: OpenAlex API budget/rate limit was exhausted; skipped remaining source searches.,,,,/sources?search=Florence%20Nightingale%20Journal%20of%20Nursing&filter=type:journal&per-page=5
frontiers-in-dementia,Frontiers in Dementia,Frontiers Media,unresolved,0,OpenAlex resolution skipped: OpenAlex API budget/rate limit was exhausted; skipped remaining source searches.,,,,/sources?search=Frontiers%20in%20Dementia&filter=type:journal&per-page=5
frontiers-in-emergency-medicine,Frontiers in Emergency Medicine,Tehran University of Medical Sciences,unresolved,0,OpenAlex resolution skipped: OpenAlex API budget/rate limit was exhausted; skipped remaining source searches.,,,,/sources?search=Frontiers%20in%20Emergency%20Medicine&filter=type:journal&per-page=5
frontiers-of-nursing,Frontiers of Nursing,Sciendo / De Gruyter,unresolved,0,OpenAlex resolution skipped: OpenAlex API budget/rate limit was exhausted; skipped remaining source searches.,,,,/sources?search=Frontiers%20of%20Nursing&filter=type:journal&per-page=5
gastroenterology-nursing,Gastroenterology Nursing,"Wolters Kluwer, Lippincott Williams & Wilkins",unresolved,0,OpenAlex resolution skipped: OpenAlex API budget/rate limit was exhausted; skipped remaining source searches.,,,,/sources?search=Gastroenterology%20Nursing&filter=type:journal&per-page=5
gastrointestinal-nursing,Gastrointestinal Nursing,MA Healthcare,unresolved,0,OpenAlex resolution skipped: OpenAlex API budget/rate limit was exhausted; skipped remaining source searches.,,,,/sources?search=Gastrointestinal%20Nursing&filter=type:journal&per-page=5
geriatric-nursing,Geriatric Nursing,Elsevier,unresolved,0,OpenAlex resolution skipped: OpenAlex API budget/rate limit was exhausted; skipped remaining source searches.,,,,/sources?search=Geriatric%20Nursing&filter=type:journal&per-page=5
gerokomos,Gerokomos,Ediciones SPA / Sociedad Española de Enfermería Geriátrica y Gerontológica,unresolved,0,OpenAlex resolution skipped: OpenAlex API budget/rate limit was exhausted; skipped remaining source searches.,,,,/sources?search=Gerokomos&filter=type:journal&per-page=5
global-qualitative-nursing-research,Global Qualitative Nursing Research,SAGE,unresolved,0,OpenAlex resolution skipped: OpenAlex API budget/rate limit was exhausted; skipped remaining source searches.,,,,/sources?search=Global%20Qualitative%20Nursing%20Research&filter=type:journal&per-page=5
hayat,HAYAT,Tehran University of Medical Sciences / Iran University of Medical Sciences,unresolved,0,OpenAlex resolution skipped: OpenAlex API budget/rate limit was exhausted; skipped remaining source searches.,,,,/sources?search=HAYAT&filter=type:journal&per-page=5
health-and-social-care-delivery-research,Health and Social Care Delivery Research,NIHR Journals Library,unresolved,0,OpenAlex resolution skipped: OpenAlex API budget/rate limit was exhausted; skipped remaining source searches.,,,,/sources?search=Health%20and%20Social%20Care%20Delivery%20Research&filter=type:journal&per-page=5
health-and-social-care-in-the-community,Health and Social Care in the Community,Wiley,unresolved,0,OpenAlex resolution skipped: OpenAlex API budget/rate limit was exhausted; skipped remaining source searches.,,,,/sources?search=Health%20and%20Social%20Care%20in%20the%20Community&filter=type:journal&per-page=5
health-care-management-review,Health Care Management Review,"Wolters Kluwer, Lippincott Williams & Wilkins",unresolved,0,OpenAlex resolution skipped: OpenAlex API budget/rate limit was exhausted; skipped remaining source searches.,,,,/sources?search=Health%20Care%20Management%20Review&filter=type:journal&per-page=5
health-care-transitions,Health Care Transitions,Elsevier,unresolved,0,OpenAlex resolution skipped: OpenAlex API budget/rate limit was exhausted; skipped remaining source searches.,,,,/sources?search=Health%20Care%20Transitions&filter=type:journal&per-page=5
healthcare,Healthcare,MDPI,unresolved,0,OpenAlex resolution skipped: OpenAlex API budget/rate limit was exhausted; skipped remaining source searches.,,,,/sources?search=Healthcare&filter=type:journal&per-page=5
hellenic-journal-of-nursing,Hellenic Journal of Nursing,Hellenic Nurses Association,unresolved,0,OpenAlex resolution skipped: OpenAlex API budget/rate limit was exhausted; skipped remaining source searches.,,,,/sources?search=Hellenic%20Journal%20of%20Nursing&filter=type:journal&per-page=5
hispanic-health-care-international,Hispanic Health Care International,SAGE,unresolved,0,OpenAlex resolution skipped: OpenAlex API budget/rate limit was exhausted; skipped remaining source searches.,,,,/sources?search=Hispanic%20Health%20Care%20International&filter=type:journal&per-page=5
holistic-nursing-practice,Holistic Nursing Practice,"Wolters Kluwer, Lippincott Williams & Wilkins",unresolved,0,OpenAlex resolution skipped: OpenAlex API budget/rate limit was exhausted; skipped remaining source searches.,,,,/sources?search=Holistic%20Nursing%20Practice&filter=type:journal&per-page=5
home-health-care-management-and-practice,Home Health Care Management & Practice,SAGE,unresolved,0,OpenAlex resolution skipped: OpenAlex API budget/rate limit was exhausted; skipped remaining source searches.,,,,/sources?search=Home%20Health%20Care%20Management%20%26%20Practice&filter=type:journal&per-page=5
home-health-care-services-quarterly,Home Health Care Services Quarterly,Taylor & Francis,unresolved,0,OpenAlex resolution skipped: OpenAlex API budget/rate limit was exhausted; skipped remaining source searches.,,,,/sources?search=Home%20Health%20Care%20Services%20Quarterly&filter=type:journal&per-page=5
home-healthcare-now,Home Healthcare Now,"Wolters Kluwer, Lippincott Williams & Wilkins",unresolved,0,OpenAlex resolution skipped: OpenAlex API budget/rate limit was exhausted; skipped remaining source searches.,,,,/sources?search=Home%20Healthcare%20Now&filter=type:journal&per-page=5
horizonte-de-enfermeria,Horizonte de Enfermería,Pontificia Universidad Católica de Chile,unresolved,0,OpenAlex resolution skipped: OpenAlex API budget/rate limit was exhausted; skipped remaining source searches.,,,,/sources?search=Horizonte%20de%20Enfermer%C3%ADa&filter=type:journal&per-page=5
index-de-enfermeria,Index de Enfermería,Fundación Index,unresolved,0,OpenAlex resolution skipped: OpenAlex API budget/rate limit was exhausted; skipped remaining source searches.,,,,/sources?search=Index%20de%20Enfermer%C3%ADa&filter=type:journal&per-page=5
informatics-for-health-and-social-care,Informatics for Health and Social Care,Taylor & Francis,unresolved,0,OpenAlex resolution skipped: OpenAlex API budget/rate limit was exhausted; skipped remaining source searches.,,,,/sources?search=Informatics%20for%20Health%20and%20Social%20Care&filter=type:journal&per-page=5
intensive-and-critical-care-nursing,Intensive and Critical Care Nursing,Elsevier / Churchill Livingstone,unresolved,0,OpenAlex resolution skipped: OpenAlex API budget/rate limit was exhausted; skipped remaining source searches.,,,,/sources?search=Intensive%20and%20Critical%20Care%20Nursing&filter=type:journal&per-page=5
international-emergency-nursing,International Emergency Nursing,Elsevier,unresolved,0,OpenAlex resolution skipped: OpenAlex API budget/rate limit was exhausted; skipped remaining source searches.,,,,/sources?search=International%20Emergency%20Nursing&filter=type:journal&per-page=5
international-journal-for-human-caring,International Journal for Human Caring,International Association for Human Caring,unresolved,0,OpenAlex resolution skipped: OpenAlex API budget/rate limit was exhausted; skipped remaining source searches.,,,,/sources?search=International%20Journal%20for%20Human%20Caring&filter=type:journal&per-page=5
international-journal-of-africa-nursing-sciences,International Journal of Africa Nursing Sciences,Elsevier,unresolved,0,OpenAlex resolution skipped: OpenAlex API budget/rate limit was exhausted; skipped remaining source searches.,,,,/sources?search=International%20Journal%20of%20Africa%20Nursing%20Sciences&filter=type:journal&per-page=5
international-journal-of-community-based-nursing-and-midwifery,International Journal of Community Based Nursing and Midwifery,Shiraz University of Medical Sciences,unresolved,0,OpenAlex resolution skipped: OpenAlex API budget/rate limit was exhausted; skipped remaining source searches.,,,,/sources?search=International%20Journal%20of%20Community%20Based%20Nursing%20and%20Midwifery&filter=type:journal&per-page=5
international-journal-of-healthcare-management,International Journal of Healthcare Management,Taylor & Francis,unresolved,0,OpenAlex resolution skipped: OpenAlex API budget/rate limit was exhausted; skipped remaining source searches.,,,,/sources?search=International%20Journal%20of%20Healthcare%20Management&filter=type:journal&per-page=5
international-journal-of-mental-health-nursing,International Journal of Mental Health Nursing,Wiley,unresolved,0,OpenAlex resolution skipped: OpenAlex API budget/rate limit was exhausted; skipped remaining source searches.,,,,/sources?search=International%20Journal%20of%20Mental%20Health%20Nursing&filter=type:journal&per-page=5
international-journal-of-nursing-education-scholarship,International Journal of Nursing Education Scholarship,De Gruyter,unresolved,0,OpenAlex resolution skipped: OpenAlex API budget/rate limit was exhausted; skipped remaining source searches.,,,,/sources?search=International%20Journal%20of%20Nursing%20Education%20Scholarship&filter=type:journal&per-page=5
international-journal-of-nursing-knowledge,International Journal of Nursing Knowledge,SAGE,unresolved,0,OpenAlex resolution skipped: OpenAlex API budget/rate limit was exhausted; skipped remaining source searches.,,,,/sources?search=International%20Journal%20of%20Nursing%20Knowledge&filter=type:journal&per-page=5
international-journal-of-nursing-practice,International Journal of Nursing Practice,Wiley,unresolved,0,OpenAlex resolution skipped: OpenAlex API budget/rate limit was exhausted; skipped remaining source searches.,,,,/sources?search=International%20Journal%20of%20Nursing%20Practice&filter=type:journal&per-page=5
international-journal-of-nursing-sciences,International Journal of Nursing Sciences,Elsevier / Chinese Nursing Association,unresolved,0,OpenAlex resolution skipped: OpenAlex API budget/rate limit was exhausted; skipped remaining source searches.,,,,/sources?search=International%20Journal%20of%20Nursing%20Sciences&filter=type:journal&per-page=5
international-journal-of-nursing-studies,International Journal of Nursing Studies,Elsevier,unresolved,0,OpenAlex resolution skipped: OpenAlex API budget/rate limit was exhausted; skipped remaining source searches.,,,,/sources?search=International%20Journal%20of%20Nursing%20Studies&filter=type:journal&per-page=5
international-journal-of-nursing-studies-advances,International Journal of Nursing Studies Advances,Elsevier,unresolved,0,OpenAlex resolution skipped: OpenAlex API budget/rate limit was exhausted; skipped remaining source searches.,,,,/sources?search=International%20Journal%20of%20Nursing%20Studies%20Advances&filter=type:journal&per-page=5
international-journal-of-older-people-nursing,International Journal of Older People Nursing,Wiley,unresolved,0,OpenAlex resolution skipped: OpenAlex API budget/rate limit was exhausted; skipped remaining source searches.,,,,/sources?search=International%20Journal%20of%20Older%20People%20Nursing&filter=type:journal&per-page=5
international-journal-of-orthopaedic-and-trauma-nursing,International Journal of Orthopaedic and Trauma Nursing,Elsevier,unresolved,0,OpenAlex resolution skipped: OpenAlex API budget/rate limit was exhausted; skipped remaining source searches.,,,,/sources?search=International%20Journal%20of%20Orthopaedic%20and%20Trauma%20Nursing&filter=type:journal&per-page=5
international-journal-of-palliative-nursing,International Journal of Palliative Nursing,MA Healthcare,unresolved,0,OpenAlex resolution skipped: OpenAlex API budget/rate limit was exhausted; skipped remaining source searches.,,,,/sources?search=International%20Journal%20of%20Palliative%20Nursing&filter=type:journal&per-page=5
international-journal-of-practice-based-learning-in-health-and-social-care,International Journal of Practice-Based Learning in Health and Social Care,Coventry University,unresolved,0,OpenAlex resolution skipped: OpenAlex API budget/rate limit was exhausted; skipped remaining source searches.,,,,/sources?search=International%20Journal%20of%20Practice-Based%20Learning%20in%20Health%20and%20Social%20Care&filter=type:journal&per-page=5
international-journal-of-urological-nursing,International Journal of Urological Nursing,Wiley,unresolved,0,OpenAlex resolution skipped: OpenAlex API budget/rate limit was exhausted; skipped remaining source searches.,,,,/sources?search=International%20Journal%20of%20Urological%20Nursing&filter=type:journal&per-page=5
international-nursing-review,International Nursing Review,Wiley,unresolved,0,OpenAlex resolution skipped: OpenAlex API budget/rate limit was exhausted; skipped remaining source searches.,,,,/sources?search=International%20Nursing%20Review&filter=type:journal&per-page=5
investigacion-y-educacion-en-enfermeria,Investigación y Educación en Enfermería,Universidad de Antioquia,unresolved,0,OpenAlex resolution skipped: OpenAlex API budget/rate limit was exhausted; skipped remaining source searches.,,,,/sources?search=Investigaci%C3%B3n%20y%20Educaci%C3%B3n%20en%20Enfermer%C3%ADa&filter=type:journal&per-page=5
iranian-journal-of-nursing-and-midwifery-research,Iranian Journal of Nursing and Midwifery Research,Wolters Kluwer Medknow,unresolved,0,OpenAlex resolution skipped: OpenAlex API budget/rate limit was exhausted; skipped remaining source searches.,,,,/sources?search=Iranian%20Journal%20of%20Nursing%20and%20Midwifery%20Research&filter=type:journal&per-page=5
issues-in-mental-health-nursing,Issues in Mental Health Nursing,Taylor & Francis,unresolved,0,OpenAlex resolution skipped: OpenAlex API budget/rate limit was exhausted; skipped remaining source searches.,,,,/sources?search=Issues%20in%20Mental%20Health%20Nursing&filter=type:journal&per-page=5
jbi-evidence-implementation,JBI Evidence Implementation,Wolters Kluwer,unresolved,0,OpenAlex resolution skipped: OpenAlex API budget/rate limit was exhausted; skipped remaining source searches.,,,,/sources?search=JBI%20Evidence%20Implementation&filter=type:journal&per-page=5
jbi-evidence-synthesis,JBI Evidence Synthesis,"Wolters Kluwer, Lippincott Williams & Wilkins",unresolved,0,OpenAlex resolution skipped: OpenAlex API budget/rate limit was exhausted; skipped remaining source searches.,,,,/sources?search=JBI%20Evidence%20Synthesis&filter=type:journal&per-page=5
jmir-nursing,JMIR Nursing,JMIR Publications,unresolved,0,OpenAlex resolution skipped: OpenAlex API budget/rate limit was exhausted; skipped remaining source searches.,,,,/sources?search=JMIR%20Nursing&filter=type:journal&per-page=5
jognn-journal-of-obstetric-gynecologic-and-neonatal-nursing,"JOGNN, Journal of Obstetric, Gynecologic, and Neonatal Nursing",Elsevier,unresolved,0,OpenAlex resolution skipped: OpenAlex API budget/rate limit was exhausted; skipped remaining source searches.,,,,/sources?search=JOGNN%2C%20Journal%20of%20Obstetric%2C%20Gynecologic%2C%20and%20Neonatal%20Nursing&filter=type:journal&per-page=5
japan-journal-of-nursing-science,Japan Journal of Nursing Science,Wiley,unresolved,0,OpenAlex resolution skipped: OpenAlex API budget/rate limit was exhausted; skipped remaining source searches.,,,,/sources?search=Japan%20Journal%20of%20Nursing%20Science&filter=type:journal&per-page=5
journal-for-nurse-practitioners,Journal for Nurse Practitioners,Elsevier,unresolved,0,OpenAlex resolution skipped: OpenAlex API budget/rate limit was exhausted; skipped remaining source searches.,,,,/sources?search=Journal%20for%20Nurse%20Practitioners&filter=type:journal&per-page=5
journal-for-nurses-in-professional-development,Journal for Nurses in Professional Development,Wolters Kluwer,unresolved,0,OpenAlex resolution skipped: OpenAlex API budget/rate limit was exhausted; skipped remaining source searches.,,,,/sources?search=Journal%20for%20Nurses%20in%20Professional%20Development&filter=type:journal&per-page=5
journal-for-specialists-in-pediatric-nursing,Journal for Specialists in Pediatric Nursing,Wiley,unresolved,0,OpenAlex resolution skipped: OpenAlex API budget/rate limit was exhausted; skipped remaining source searches.,,,,/sources?search=Journal%20for%20Specialists%20in%20Pediatric%20Nursing&filter=type:journal&per-page=5
journal-of-addictions-nursing,Journal of Addictions Nursing,Wolters Kluwer,unresolved,0,OpenAlex resolution skipped: OpenAlex API budget/rate limit was exhausted; skipped remaining source searches.,,,,/sources?search=Journal%20of%20Addictions%20Nursing&filter=type:journal&per-page=5
journal-of-advanced-nursing,Journal of Advanced Nursing,Wiley,unresolved,0,OpenAlex resolution skipped: OpenAlex API budget/rate limit was exhausted; skipped remaining source searches.,,,,/sources?search=Journal%20of%20Advanced%20Nursing&filter=type:journal&per-page=5
journal-of-asian-midwives,Journal of Asian Midwives,South Asian Midwives Alliance,unresolved,0,OpenAlex resolution skipped: OpenAlex API budget/rate limit was exhausted; skipped remaining source searches.,,,,/sources?search=Journal%20of%20Asian%20Midwives&filter=type:journal&per-page=5
journal-of-cardiovascular-nursing,Journal of Cardiovascular Nursing,"Wolters Kluwer, Lippincott Williams & Wilkins",unresolved,0,OpenAlex resolution skipped: OpenAlex API budget/rate limit was exhausted; skipped remaining source searches.,,,,/sources?search=Journal%20of%20Cardiovascular%20Nursing&filter=type:journal&per-page=5
journal-of-caring-sciences,Journal of Caring Sciences,Tabriz University of Medical Sciences,unresolved,0,OpenAlex resolution skipped: OpenAlex API budget/rate limit was exhausted; skipped remaining source searches.,,,,/sources?search=Journal%20of%20Caring%20Sciences&filter=type:journal&per-page=5
journal-of-child-health-care,Journal of Child Health Care,SAGE,unresolved,0,OpenAlex resolution skipped: OpenAlex API budget/rate limit was exhausted; skipped remaining source searches.,,,,/sources?search=Journal%20of%20Child%20Health%20Care&filter=type:journal&per-page=5
journal-of-child-and-adolescent-psychiatric-nursing,Journal of Child and Adolescent Psychiatric Nursing,Wiley,unresolved,0,OpenAlex resolution skipped: OpenAlex API budget/rate limit was exhausted; skipped remaining source searches.,,,,/sources?search=Journal%20of%20Child%20and%20Adolescent%20Psychiatric%20Nursing&filter=type:journal&per-page=5
journal-of-client-centered-nursing-care,Journal of Client-Centered Nursing Care,Iran University of Medical Sciences,unresolved,0,OpenAlex resolution skipped: OpenAlex API budget/rate limit was exhausted; skipped remaining source searches.,,,,/sources?search=Journal%20of%20Client-Centered%20Nursing%20Care&filter=type:journal&per-page=5
journal-of-clinical-nursing,Journal of Clinical Nursing,Wiley,unresolved,0,OpenAlex resolution skipped: OpenAlex API budget/rate limit was exhausted; skipped remaining source searches.,,,,/sources?search=Journal%20of%20Clinical%20Nursing&filter=type:journal&per-page=5
journal-of-community-health-nursing,Journal of Community Health Nursing,Taylor & Francis,unresolved,0,OpenAlex resolution skipped: OpenAlex API budget/rate limit was exhausted; skipped remaining source searches.,,,,/sources?search=Journal%20of%20Community%20Health%20Nursing&filter=type:journal&per-page=5
journal-of-community-nursing,Journal of Community Nursing,Wound Care People,unresolved,0,OpenAlex resolution skipped: OpenAlex API budget/rate limit was exhausted; skipped remaining source searches.,,,,/sources?search=Journal%20of%20Community%20Nursing&filter=type:journal&per-page=5
journal-of-continuing-education-in-nursing,Journal of Continuing Education in Nursing,SLACK,unresolved,0,OpenAlex resolution skipped: OpenAlex API budget/rate limit was exhausted; skipped remaining source searches.,,,,/sources?search=Journal%20of%20Continuing%20Education%20in%20Nursing&filter=type:journal&per-page=5
journal-of-correctional-health-care,Journal of Correctional Health Care,SAGE,unresolved,0,OpenAlex resolution skipped: OpenAlex API budget/rate limit was exhausted; skipped remaining source searches.,,,,/sources?search=Journal%20of%20Correctional%20Health%20Care&filter=type:journal&per-page=5
journal-of-diabetes-nursing,Journal of Diabetes Nursing,OmniaMed Communications,unresolved,0,OpenAlex resolution skipped: OpenAlex API budget/rate limit was exhausted; skipped remaining source searches.,,,,/sources?search=Journal%20of%20Diabetes%20Nursing&filter=type:journal&per-page=5
journal-of-doctoral-nursing-practice,Journal of Doctoral Nursing Practice,Springer Publishing Company,unresolved,0,OpenAlex resolution skipped: OpenAlex API budget/rate limit was exhausted; skipped remaining source searches.,,,,/sources?search=Journal%20of%20Doctoral%20Nursing%20Practice&filter=type:journal&per-page=5
journal-of-emergency-nursing,Journal of Emergency Nursing,Elsevier,unresolved,0,OpenAlex resolution skipped: OpenAlex API budget/rate limit was exhausted; skipped remaining source searches.,,,,/sources?search=Journal%20of%20Emergency%20Nursing&filter=type:journal&per-page=5
journal-of-emergency-practice-and-trauma,Journal of Emergency Practice and Trauma,Kerman University of Medical Sciences,unresolved,0,OpenAlex resolution skipped: OpenAlex API budget/rate limit was exhausted; skipped remaining source searches.,,,,/sources?search=Journal%20of%20Emergency%20Practice%20and%20Trauma&filter=type:journal&per-page=5
journal-of-family-nursing,Journal of Family Nursing,SAGE,unresolved,0,OpenAlex resolution skipped: OpenAlex API budget/rate limit was exhausted; skipped remaining source searches.,,,,/sources?search=Journal%20of%20Family%20Nursing&filter=type:journal&per-page=5
journal-of-forensic-nursing,Journal of Forensic Nursing,Wolters Kluwer,unresolved,0,OpenAlex resolution skipped: OpenAlex API budget/rate limit was exhausted; skipped remaining source searches.,,,,/sources?search=Journal%20of%20Forensic%20Nursing&filter=type:journal&per-page=5
journal-of-gerontological-nursing,Journal of Gerontological Nursing,SLACK,unresolved,0,OpenAlex resolution skipped: OpenAlex API budget/rate limit was exhausted; skipped remaining source searches.,,,,/sources?search=Journal%20of%20Gerontological%20Nursing&filter=type:journal&per-page=5
journal-of-health-and-nursing-management,Journal of Health and Nursing Management,Association of Executive Nurses,unresolved,0,OpenAlex resolution skipped: OpenAlex API budget/rate limit was exhausted; skipped remaining source searches.,,,,/sources?search=Journal%20of%20Health%20and%20Nursing%20Management&filter=type:journal&per-page=5
journal-of-healthcare-leadership,Journal of Healthcare Leadership,Dove Medical Press,unresolved,0,OpenAlex resolution skipped: OpenAlex API budget/rate limit was exhausted; skipped remaining source searches.,,,,/sources?search=Journal%20of%20Healthcare%20Leadership&filter=type:journal&per-page=5
journal-of-healthcare-management,Journal of Healthcare Management,Wolters Kluwer,unresolved,0,OpenAlex resolution skipped: OpenAlex API budget/rate limit was exhausted; skipped remaining source searches.,,,,/sources?search=Journal%20of%20Healthcare%20Management&filter=type:journal&per-page=5
journal-of-holistic-nursing,Journal of Holistic Nursing,SAGE,unresolved,0,OpenAlex resolution skipped: OpenAlex API budget/rate limit was exhausted; skipped remaining source searches.,,,,/sources?search=Journal%20of%20Holistic%20Nursing&filter=type:journal&per-page=5
journal-of-holistic-nursing-science,Journal of Holistic Nursing Science,Universitas Muhammadiyah Magelang,unresolved,0,OpenAlex resolution skipped: OpenAlex API budget/rate limit was exhausted; skipped remaining source searches.,,,,/sources?search=Journal%20of%20Holistic%20Nursing%20Science&filter=type:journal&per-page=5
journal-of-holistic-nursing-and-midwifery,Journal of Holistic Nursing and Midwifery,Guilan University of Medical Sciences,unresolved,0,OpenAlex resolution skipped: OpenAlex API budget/rate limit was exhausted; skipped remaining source searches.,,,,/sources?search=Journal%20of%20Holistic%20Nursing%20and%20Midwifery&filter=type:journal&per-page=5
journal-of-hospice-and-palliative-nursing,Journal of Hospice and Palliative Nursing,Wolters Kluwer,unresolved,0,OpenAlex resolution skipped: OpenAlex API budget/rate limit was exhausted; skipped remaining source searches.,,,,/sources?search=Journal%20of%20Hospice%20and%20Palliative%20Nursing&filter=type:journal&per-page=5
journal-of-infusion-nursing,Journal of Infusion Nursing,Wolters Kluwer,unresolved,0,OpenAlex resolution skipped: OpenAlex API budget/rate limit was exhausted; skipped remaining source searches.,,,,/sources?search=Journal%20of%20Infusion%20Nursing&filter=type:journal&per-page=5
journal-of-infection-prevention,Journal of Infection Prevention,SAGE,unresolved,0,OpenAlex resolution skipped: OpenAlex API budget/rate limit was exhausted; skipped remaining source searches.,,,,/sources?search=Journal%20of%20Infection%20Prevention&filter=type:journal&per-page=5
journal-of-integrative-nursing,Journal of Integrative Nursing,Wolters Kluwer Medknow,unresolved,0,OpenAlex resolution skipped: OpenAlex API budget/rate limit was exhausted; skipped remaining source searches.,,,,/sources?search=Journal%20of%20Integrative%20Nursing&filter=type:journal&per-page=5
journal-of-korean-academic-society-of-nursing-education,Journal of Korean Academic Society of Nursing Education,Korean Academic Society of Nursing Education,unresolved,0,OpenAlex resolution skipped: OpenAlex API budget/rate limit was exhausted; skipped remaining source searches.,,,,/sources?search=Journal%20of%20Korean%20Academic%20Society%20of%20Nursing%20Education&filter=type:journal&per-page=5
journal-of-korean-academy-of-fundamentals-of-nursing,Journal of Korean Academy of Fundamentals of Nursing,Korean Academy of Fundamentals of Nursing,unresolved,0,OpenAlex resolution skipped: OpenAlex API budget/rate limit was exhausted; skipped remaining source searches.,,,,/sources?search=Journal%20of%20Korean%20Academy%20of%20Fundamentals%20of%20Nursing&filter=type:journal&per-page=5
journal-of-korean-academy-of-nursing,Journal of Korean Academy of Nursing,Korean Society of Nursing Science,unresolved,0,OpenAlex resolution skipped: OpenAlex API budget/rate limit was exhausted; skipped remaining source searches.,,,,/sources?search=Journal%20of%20Korean%20Academy%20of%20Nursing&filter=type:journal&per-page=5
journal-of-korean-academy-of-nursing-administration,Journal of Korean Academy of Nursing Administration,Korean Academy of Nursing Administration,unresolved,0,OpenAlex resolution skipped: OpenAlex API budget/rate limit was exhausted; skipped remaining source searches.,,,,/sources?search=Journal%20of%20Korean%20Academy%20of%20Nursing%20Administration&filter=type:journal&per-page=5
journal-of-korean-academy-of-psychiatric-and-mental-health-nursing,Journal of Korean Academy of Psychiatric and Mental Health Nursing,Korean Academy of Psychiatric and Mental Health Nursing,unresolved,0,OpenAlex resolution skipped: OpenAlex API budget/rate limit was exhausted; skipped remaining source searches.,,,,/sources?search=Journal%20of%20Korean%20Academy%20of%20Psychiatric%20and%20Mental%20Health%20Nursing&filter=type:journal&per-page=5
journal-of-korean-gerontological-nursing,Journal of Korean Gerontological Nursing,Korean Gerontological Nursing Society,unresolved,0,OpenAlex resolution skipped: OpenAlex API budget/rate limit was exhausted; skipped remaining source searches.,,,,/sources?search=Journal%20of%20Korean%20Gerontological%20Nursing&filter=type:journal&per-page=5
journal-of-mental-health-training-education-and-practice,"Journal of Mental Health Training, Education and Practice",Emerald,unresolved,0,OpenAlex resolution skipped: OpenAlex API budget/rate limit was exhausted; skipped remaining source searches.,,,,/sources?search=Journal%20of%20Mental%20Health%20Training%2C%20Education%20and%20Practice&filter=type:journal&per-page=5
journal-of-midwifery-and-health-sciences,Journal of Midwifery and Health Sciences,Atatürk University,unresolved,0,OpenAlex resolution skipped: OpenAlex API budget/rate limit was exhausted; skipped remaining source searches.,,,,/sources?search=Journal%20of%20Midwifery%20and%20Health%20Sciences&filter=type:journal&per-page=5
journal-of-midwifery-and-reproductive-health,Journal of Midwifery and Reproductive Health,Mashhad University of Medical Sciences,unresolved,0,OpenAlex resolution skipped: OpenAlex API budget/rate limit was exhausted; skipped remaining source searches.,,,,/sources?search=Journal%20of%20Midwifery%20and%20Reproductive%20Health&filter=type:journal&per-page=5
journal-of-midwifery-and-women-s-health,Journal of Midwifery and Women’s Health,Wiley,unresolved,0,OpenAlex resolution skipped: OpenAlex API budget/rate limit was exhausted; skipped remaining source searches.,,,,/sources?search=Journal%20of%20Midwifery%20and%20Women%E2%80%99s%20Health&filter=type:journal&per-page=5
journal-of-multidisciplinary-healthcare,Journal of Multidisciplinary Healthcare,Dove Medical Press,unresolved,0,OpenAlex resolution skipped: OpenAlex API budget/rate limit was exhausted; skipped remaining source searches.,,,,/sources?search=Journal%20of%20Multidisciplinary%20Healthcare&filter=type:journal&per-page=5
journal-of-neonatal-nursing,Journal of Neonatal Nursing,Elsevier,unresolved,0,OpenAlex resolution skipped: OpenAlex API budget/rate limit was exhausted; skipped remaining source searches.,,,,/sources?search=Journal%20of%20Neonatal%20Nursing&filter=type:journal&per-page=5
journal-of-neurocritical-care,Journal of Neurocritical Care,Korean Neurocritical Care Society,unresolved,0,OpenAlex resolution skipped: OpenAlex API budget/rate limit was exhausted; skipped remaining source searches.,,,,/sources?search=Journal%20of%20Neurocritical%20Care&filter=type:journal&per-page=5
journal-of-neuroscience-nursing,Journal of Neuroscience Nursing,Wolters Kluwer,unresolved,0,OpenAlex resolution skipped: OpenAlex API budget/rate limit was exhausted; skipped remaining source searches.,,,,/sources?search=Journal%20of%20Neuroscience%20Nursing&filter=type:journal&per-page=5
journal-of-nursing,Journal of Nursing,Taiwan Nurses Association,unresolved,0,OpenAlex resolution skipped: OpenAlex API budget/rate limit was exhausted; skipped remaining source searches.,,,,/sources?search=Journal%20of%20Nursing&filter=type:journal&per-page=5
journal-of-nursing-administration,Journal of Nursing Administration,"Wolters Kluwer, Lippincott Williams & Wilkins",unresolved,0,OpenAlex resolution skipped: OpenAlex API budget/rate limit was exhausted; skipped remaining source searches.,,,,/sources?search=Journal%20of%20Nursing%20Administration&filter=type:journal&per-page=5
journal-of-nursing-care-quality,Journal of Nursing Care Quality,"Wolters Kluwer, Lippincott Williams & Wilkins",unresolved,0,OpenAlex resolution skipped: OpenAlex API budget/rate limit was exhausted; skipped remaining source searches.,,,,/sources?search=Journal%20of%20Nursing%20Care%20Quality&filter=type:journal&per-page=5
journal-of-nursing-education,Journal of Nursing Education,SLACK,unresolved,0,OpenAlex resolution skipped: OpenAlex API budget/rate limit was exhausted; skipped remaining source searches.,,,,/sources?search=Journal%20of%20Nursing%20Education&filter=type:journal&per-page=5
journal-of-nursing-effect,Journal of Nursing Effect,Dokuz Eylul University,unresolved,0,OpenAlex resolution skipped: OpenAlex API budget/rate limit was exhausted; skipped remaining source searches.,,,,/sources?search=Journal%20of%20Nursing%20Effect&filter=type:journal&per-page=5
journal-of-nursing-management,Journal of Nursing Management,Wiley,unresolved,0,OpenAlex resolution skipped: OpenAlex API budget/rate limit was exhausted; skipped remaining source searches.,,,,/sources?search=Journal%20of%20Nursing%20Management&filter=type:journal&per-page=5
journal-of-nursing-measurement,Journal of Nursing Measurement,Springer Publishing Company,unresolved,0,OpenAlex resolution skipped: OpenAlex API budget/rate limit was exhausted; skipped remaining source searches.,,,,/sources?search=Journal%20of%20Nursing%20Measurement&filter=type:journal&per-page=5
journal-of-nursing-regulation,Journal of Nursing Regulation,Elsevier,unresolved,0,OpenAlex resolution skipped: OpenAlex API budget/rate limit was exhausted; skipped remaining source searches.,,,,/sources?search=Journal%20of%20Nursing%20Regulation&filter=type:journal&per-page=5
journal-of-nursing-research,Journal of Nursing Research,Taiwan Nurses Association / Wolters Kluwer,unresolved,0,OpenAlex resolution skipped: OpenAlex API budget/rate limit was exhausted; skipped remaining source searches.,,,,/sources?search=Journal%20of%20Nursing%20Research&filter=type:journal&per-page=5
journal-of-nursing-scholarship,Journal of Nursing Scholarship,Wiley,unresolved,0,OpenAlex resolution skipped: OpenAlex API budget/rate limit was exhausted; skipped remaining source searches.,,,,/sources?search=Journal%20of%20Nursing%20Scholarship&filter=type:journal&per-page=5
journal-of-nursing-and-midwifery-sciences,Journal of Nursing and Midwifery Sciences,Brieflands,unresolved,0,OpenAlex resolution skipped: OpenAlex API budget/rate limit was exhausted; skipped remaining source searches.,,,,/sources?search=Journal%20of%20Nursing%20and%20Midwifery%20Sciences&filter=type:journal&per-page=5
journal-of-nursology,Journal of Nursology,Atatürk University,unresolved,0,OpenAlex resolution skipped: OpenAlex API budget/rate limit was exhausted; skipped remaining source searches.,,,,/sources?search=Journal%20of%20Nursology&filter=type:journal&per-page=5
journal-of-palliative-medicine,Journal of Palliative Medicine,SAGE,unresolved,0,OpenAlex resolution skipped: OpenAlex API budget/rate limit was exhausted; skipped remaining source searches.,,,,/sources?search=Journal%20of%20Palliative%20Medicine&filter=type:journal&per-page=5
journal-of-patient-experience,Journal of Patient Experience,SAGE,unresolved,0,OpenAlex resolution skipped: OpenAlex API budget/rate limit was exhausted; skipped remaining source searches.,,,,/sources?search=Journal%20of%20Patient%20Experience&filter=type:journal&per-page=5
journal-of-patient-safety,Journal of Patient Safety,Wolters Kluwer,unresolved,0,OpenAlex resolution skipped: OpenAlex API budget/rate limit was exhausted; skipped remaining source searches.,,,,/sources?search=Journal%20of%20Patient%20Safety&filter=type:journal&per-page=5
journal-of-patient-safety-and-risk-management,Journal of Patient Safety and Risk Management,SAGE,unresolved,0,OpenAlex resolution skipped: OpenAlex API budget/rate limit was exhausted; skipped remaining source searches.,,,,/sources?search=Journal%20of%20Patient%20Safety%20and%20Risk%20Management&filter=type:journal&per-page=5
journal-of-pediatric-hematology-oncology-nursing,Journal of Pediatric Hematology/Oncology Nursing,SAGE,unresolved,0,OpenAlex resolution skipped: OpenAlex API budget/rate limit was exhausted; skipped remaining source searches.,,,,/sources?search=Journal%20of%20Pediatric%20Hematology/Oncology%20Nursing&filter=type:journal&per-page=5
journal-of-pediatric-nursing,Journal of Pediatric Nursing,Elsevier / W.B. Saunders,unresolved,0,OpenAlex resolution skipped: OpenAlex API budget/rate limit was exhausted; skipped remaining source searches.,,,,/sources?search=Journal%20of%20Pediatric%20Nursing&filter=type:journal&per-page=5
journal-of-perianesthesia-nursing,Journal of Perianesthesia Nursing,Elsevier / W.B. Saunders,unresolved,0,OpenAlex resolution skipped: OpenAlex API budget/rate limit was exhausted; skipped remaining source searches.,,,,/sources?search=Journal%20of%20Perianesthesia%20Nursing&filter=type:journal&per-page=5
journal-of-perinatal-education,Journal of Perinatal Education,Springer Publishing Company,unresolved,0,OpenAlex resolution skipped: OpenAlex API budget/rate limit was exhausted; skipped remaining source searches.,,,,/sources?search=Journal%20of%20Perinatal%20Education&filter=type:journal&per-page=5
journal-of-perinatal-and-neonatal-nursing,Journal of Perinatal and Neonatal Nursing,Wolters Kluwer,unresolved,0,OpenAlex resolution skipped: OpenAlex API budget/rate limit was exhausted; skipped remaining source searches.,,,,/sources?search=Journal%20of%20Perinatal%20and%20Neonatal%20Nursing&filter=type:journal&per-page=5
journal-of-perioperative-nursing,Journal of Perioperative Nursing,Australian College of Perioperative Nurses,unresolved,0,OpenAlex resolution skipped: OpenAlex API budget/rate limit was exhausted; skipped remaining source searches.,,,,/sources?search=Journal%20of%20Perioperative%20Nursing&filter=type:journal&per-page=5
journal-of-perioperative-practice,Journal of Perioperative Practice,SAGE,unresolved,0,OpenAlex resolution skipped: OpenAlex API budget/rate limit was exhausted; skipped remaining source searches.,,,,/sources?search=Journal%20of%20Perioperative%20Practice&filter=type:journal&per-page=5
journal-of-primary-care-and-community-health,Journal of Primary Care and Community Health,SAGE,unresolved,0,OpenAlex resolution skipped: OpenAlex API budget/rate limit was exhausted; skipped remaining source searches.,,,,/sources?search=Journal%20of%20Primary%20Care%20and%20Community%20Health&filter=type:journal&per-page=5
journal-of-professional-nursing,Journal of Professional Nursing,Elsevier / W.B. Saunders,unresolved,0,OpenAlex resolution skipped: OpenAlex API budget/rate limit was exhausted; skipped remaining source searches.,,,,/sources?search=Journal%20of%20Professional%20Nursing&filter=type:journal&per-page=5
journal-of-psychiatric-nursing,Journal of Psychiatric Nursing,Kare Publishing,unresolved,0,OpenAlex resolution skipped: OpenAlex API budget/rate limit was exhausted; skipped remaining source searches.,,,,/sources?search=Journal%20of%20Psychiatric%20Nursing&filter=type:journal&per-page=5
journal-of-psychiatric-and-mental-health-nursing,Journal of Psychiatric and Mental Health Nursing,Wiley,unresolved,0,OpenAlex resolution skipped: OpenAlex API budget/rate limit was exhausted; skipped remaining source searches.,,,,/sources?search=Journal%20of%20Psychiatric%20and%20Mental%20Health%20Nursing&filter=type:journal&per-page=5
journal-of-psychosocial-nursing-and-mental-health-services,Journal of Psychosocial Nursing and Mental Health Services,SLACK,unresolved,0,OpenAlex resolution skipped: OpenAlex API budget/rate limit was exhausted; skipped remaining source searches.,,,,/sources?search=Journal%20of%20Psychosocial%20Nursing%20and%20Mental%20Health%20Services&filter=type:journal&per-page=5
journal-of-radiology-nursing,Journal of Radiology Nursing,Elsevier,unresolved,0,OpenAlex resolution skipped: OpenAlex API budget/rate limit was exhausted; skipped remaining source searches.,,,,/sources?search=Journal%20of%20Radiology%20Nursing&filter=type:journal&per-page=5
journal-of-renal-care,Journal of Renal Care,Wiley,unresolved,0,OpenAlex resolution skipped: OpenAlex API budget/rate limit was exhausted; skipped remaining source searches.,,,,/sources?search=Journal%20of%20Renal%20Care&filter=type:journal&per-page=5
journal-of-research-development-in-nursing-and-midwifery,Journal of Research Development in Nursing and Midwifery,Golestan University of Medical Sciences,unresolved,0,OpenAlex resolution skipped: OpenAlex API budget/rate limit was exhausted; skipped remaining source searches.,,,,/sources?search=Journal%20of%20Research%20Development%20in%20Nursing%20and%20Midwifery&filter=type:journal&per-page=5
journal-of-research-in-nursing,Journal of Research in Nursing,SAGE,unresolved,0,OpenAlex resolution skipped: OpenAlex API budget/rate limit was exhausted; skipped remaining source searches.,,,,/sources?search=Journal%20of%20Research%20in%20Nursing&filter=type:journal&per-page=5
journal-of-school-nursing,Journal of School Nursing,SAGE,unresolved,0,OpenAlex resolution skipped: OpenAlex API budget/rate limit was exhausted; skipped remaining source searches.,,,,/sources?search=Journal%20of%20School%20Nursing&filter=type:journal&per-page=5
journal-of-transcultural-nursing,Journal of Transcultural Nursing,SAGE,unresolved,0,OpenAlex resolution skipped: OpenAlex API budget/rate limit was exhausted; skipped remaining source searches.,,,,/sources?search=Journal%20of%20Transcultural%20Nursing&filter=type:journal&per-page=5
journal-of-vascular-nursing,Journal of Vascular Nursing,Elsevier,unresolved,0,OpenAlex resolution skipped: OpenAlex API budget/rate limit was exhausted; skipped remaining source searches.,,,,/sources?search=Journal%20of%20Vascular%20Nursing&filter=type:journal&per-page=5
journal-of-wound-care,Journal of Wound Care,MA Healthcare,unresolved,0,OpenAlex resolution skipped: OpenAlex API budget/rate limit was exhausted; skipped remaining source searches.,,,,/sources?search=Journal%20of%20Wound%20Care&filter=type:journal&per-page=5
journal-of-wound-management,Journal of Wound Management,European Wound Management Association,unresolved,0,OpenAlex resolution skipped: OpenAlex API budget/rate limit was exhausted; skipped remaining source searches.,,,,/sources?search=Journal%20of%20Wound%20Management&filter=type:journal&per-page=5
journal-of-wound-management-and-research,Journal of Wound Management and Research,Korean Wound Management Society,unresolved,0,OpenAlex resolution skipped: OpenAlex API budget/rate limit was exhausted; skipped remaining source searches.,,,,/sources?search=Journal%20of%20Wound%20Management%20and%20Research&filter=type:journal&per-page=5
journal-of-wound-ostomy-and-continence-nursing,"Journal of Wound, Ostomy and Continence Nursing",Wolters Kluwer,unresolved,0,OpenAlex resolution skipped: OpenAlex API budget/rate limit was exhausted; skipped remaining source searches.,,,,/sources?search=Journal%20of%20Wound%2C%20Ostomy%20and%20Continence%20Nursing&filter=type:journal&per-page=5
journal-of-the-american-association-of-nurse-anesthetists,Journal of the American Association of Nurse Anesthetists,AANA Publishing,unresolved,0,OpenAlex resolution skipped: OpenAlex API budget/rate limit was exhausted; skipped remaining source searches.,,,,/sources?search=Journal%20of%20the%20American%20Association%20of%20Nurse%20Anesthetists&filter=type:journal&per-page=5
journal-of-the-american-association-of-nurse-practitioners,Journal of the American Association of Nurse Practitioners,Wolters Kluwer,unresolved,0,OpenAlex resolution skipped: OpenAlex API budget/rate limit was exhausted; skipped remaining source searches.,,,,/sources?search=Journal%20of%20the%20American%20Association%20of%20Nurse%20Practitioners&filter=type:journal&per-page=5
journal-of-the-american-psychiatric-nurses-association,Journal of the American Psychiatric Nurses Association,SAGE,unresolved,0,OpenAlex resolution skipped: OpenAlex API budget/rate limit was exhausted; skipped remaining source searches.,,,,/sources?search=Journal%20of%20the%20American%20Psychiatric%20Nurses%20Association&filter=type:journal&per-page=5
journal-of-the-association-of-nurses-in-aids-care,Journal of the Association of Nurses in AIDS Care,Wolters Kluwer,unresolved,0,OpenAlex resolution skipped: OpenAlex API budget/rate limit was exhausted; skipped remaining source searches.,,,,/sources?search=Journal%20of%20the%20Association%20of%20Nurses%20in%20AIDS%20Care&filter=type:journal&per-page=5
journal-of-the-dermatology-nurses-association,Journal of the Dermatology Nurses’ Association,Wolters Kluwer,unresolved,0,OpenAlex resolution skipped: OpenAlex API budget/rate limit was exhausted; skipped remaining source searches.,,,,/sources?search=Journal%20of%20the%20Dermatology%20Nurses%E2%80%99%20Association&filter=type:journal&per-page=5
journal-of-the-intensive-care-society,Journal of the Intensive Care Society,SAGE,unresolved,0,OpenAlex resolution skipped: OpenAlex API budget/rate limit was exhausted; skipped remaining source searches.,,,,/sources?search=Journal%20of%20the%20Intensive%20Care%20Society&filter=type:journal&per-page=5
journal-of-trauma-nursing,Journal of Trauma Nursing,Wolters Kluwer,unresolved,0,OpenAlex resolution skipped: OpenAlex API budget/rate limit was exhausted; skipped remaining source searches.,,,,/sources?search=Journal%20of%20Trauma%20Nursing&filter=type:journal&per-page=5
jurnal-keperawatan-indonesia,Jurnal Keperawatan Indonesia,"Universitas Indonesia, Faculty of Nursing",unresolved,0,OpenAlex resolution skipped: OpenAlex API budget/rate limit was exhausted; skipped remaining source searches.,,,,/sources?search=Jurnal%20Keperawatan%20Indonesia&filter=type:journal&per-page=5
jurnal-keperawatan-padjadjaran,Jurnal Keperawatan Padjadjaran,"Universitas Padjadjaran, Faculty of Nursing",unresolved,0,OpenAlex resolution skipped: OpenAlex API budget/rate limit was exhausted; skipped remaining source searches.,,,,/sources?search=Jurnal%20Keperawatan%20Padjadjaran&filter=type:journal&per-page=5
jurnal-keperawatan-soedirman,Jurnal Keperawatan Soedirman,Universitas Jenderal Soedirman,unresolved,0,OpenAlex resolution skipped: OpenAlex API budget/rate limit was exhausted; skipped remaining source searches.,,,,/sources?search=Jurnal%20Keperawatan%20Soedirman&filter=type:journal&per-page=5
jurnal-ners,Jurnal Ners,"Universitas Airlangga, Faculty of Nursing",unresolved,0,OpenAlex resolution skipped: OpenAlex API budget/rate limit was exhausted; skipped remaining source searches.,,,,/sources?search=Jurnal%20Ners&filter=type:journal&per-page=5
kontakt-journal-of-nursing-and-social-sciences-related-to-health-and-illness,"Kontakt, Journal of Nursing and Social Sciences Related to Health and Illness",University of South Bohemia,unresolved,0,OpenAlex resolution skipped: OpenAlex API budget/rate limit was exhausted; skipped remaining source searches.,,,,/sources?search=Kontakt%2C%20Journal%20of%20Nursing%20and%20Social%20Sciences%20Related%20to%20Health%20and%20Illness&filter=type:journal&per-page=5
korean-journal-of-adult-nursing,Korean Journal of Adult Nursing,Korean Society of Adult Nursing,unresolved,0,OpenAlex resolution skipped: OpenAlex API budget/rate limit was exhausted; skipped remaining source searches.,,,,/sources?search=Korean%20Journal%20of%20Adult%20Nursing&filter=type:journal&per-page=5
malaysian-journal-of-nursing,Malaysian Journal of Nursing,Lincoln University College / Asia Pacific Higher Learning,unresolved,0,OpenAlex resolution skipped: OpenAlex API budget/rate limit was exhausted; skipped remaining source searches.,,,,/sources?search=Malaysian%20Journal%20of%20Nursing&filter=type:journal&per-page=5
matronas-profesion,Matronas Profesión,Ediciones Mayo,unresolved,0,OpenAlex resolution skipped: OpenAlex API budget/rate limit was exhausted; skipped remaining source searches.,,,,/sources?search=Matronas%20Profesi%C3%B3n&filter=type:journal&per-page=5
mcn-the-american-journal-of-maternal-child-nursing,MCN: The American Journal of Maternal/Child Nursing,"Wolters Kluwer, Lippincott Williams & Wilkins",unresolved,0,OpenAlex resolution skipped: OpenAlex API budget/rate limit was exhausted; skipped remaining source searches.,,,,/sources?search=MCN%3A%20The%20American%20Journal%20of%20Maternal/Child%20Nursing&filter=type:journal&per-page=5
medecine-palliative,Médecine Palliative,Elsevier Masson,unresolved,0,OpenAlex resolution skipped: OpenAlex API budget/rate limit was exhausted; skipped remaining source searches.,,,,/sources?search=M%C3%A9decine%20Palliative&filter=type:journal&per-page=5
medicina-paliativa,Medicina Paliativa,Sociedad Española de Cuidados Paliativos,unresolved,0,OpenAlex resolution skipped: OpenAlex API budget/rate limit was exhausted; skipped remaining source searches.,,,,/sources?search=Medicina%20Paliativa&filter=type:journal&per-page=5
mediterranean-nursing-and-midwifery,Mediterranean Nursing and Midwifery,Galenos Publishing House,unresolved,0,OpenAlex resolution skipped: OpenAlex API budget/rate limit was exhausted; skipped remaining source searches.,,,,/sources?search=Mediterranean%20Nursing%20and%20Midwifery&filter=type:journal&per-page=5
metas-de-enfermeria,Metas de Enfermería,"DAE Editorial, Grupo Paradigma",unresolved,0,OpenAlex resolution skipped: OpenAlex API budget/rate limit was exhausted; skipped remaining source searches.,,,,/sources?search=Metas%20de%20Enfermer%C3%ADa&filter=type:journal&per-page=5
metiers-de-la-petite-enfance,Métiers de la Petite Enfance,Elsevier Masson,unresolved,0,OpenAlex resolution skipped: OpenAlex API budget/rate limit was exhausted; skipped remaining source searches.,,,,/sources?search=M%C3%A9tiers%20de%20la%20Petite%20Enfance&filter=type:journal&per-page=5
midwifery,Midwifery,Elsevier / Churchill Livingstone,unresolved,0,OpenAlex resolution skipped: OpenAlex API budget/rate limit was exhausted; skipped remaining source searches.,,,,/sources?search=Midwifery&filter=type:journal&per-page=5
musculoskeletal-care,Musculoskeletal Care,Wiley,unresolved,0,OpenAlex resolution skipped: OpenAlex API budget/rate limit was exhausted; skipped remaining source searches.,,,,/sources?search=Musculoskeletal%20Care&filter=type:journal&per-page=5
nasn-school-nurse,NASN School Nurse,SAGE,unresolved,0,OpenAlex resolution skipped: OpenAlex API budget/rate limit was exhausted; skipped remaining source searches.,,,,/sources?search=NASN%20School%20Nurse&filter=type:journal&per-page=5
nefroloji-hemsireligi-dergisi,Nefroloji Hemşireliği Dergisi,"Turkish Nephrology, Dialysis and Transplantation Nurses Association",unresolved,0,OpenAlex resolution skipped: OpenAlex API budget/rate limit was exhausted; skipped remaining source searches.,,,,/sources?search=Nefroloji%20Hem%C5%9Fireli%C4%9Fi%20Dergisi&filter=type:journal&per-page=5
neonatal-intensive-care,Neonatal Intensive Care,Goldstein & Associates,unresolved,0,OpenAlex resolution skipped: OpenAlex API budget/rate limit was exhausted; skipped remaining source searches.,,,,/sources?search=Neonatal%20Intensive%20Care&filter=type:journal&per-page=5
neonatal-network,Neonatal Network,Springer Publishing Company,unresolved,0,OpenAlex resolution skipped: OpenAlex API budget/rate limit was exhausted; skipped remaining source searches.,,,,/sources?search=Neonatal%20Network&filter=type:journal&per-page=5
nephrology-nursing-journal,Nephrology Nursing Journal,Anthony J. Jannetti,unresolved,0,OpenAlex resolution skipped: OpenAlex API budget/rate limit was exhausted; skipped remaining source searches.,,,,/sources?search=Nephrology%20Nursing%20Journal&filter=type:journal&per-page=5
new-zealand-college-of-midwives-journal,New Zealand College of Midwives Journal,New Zealand College of Midwives,unresolved,0,OpenAlex resolution skipped: OpenAlex API budget/rate limit was exhausted; skipped remaining source searches.,,,,/sources?search=New%20Zealand%20College%20of%20Midwives%20Journal&filter=type:journal&per-page=5
nordic-journal-of-nursing-research,Nordic Journal of Nursing Research,SAGE,unresolved,0,OpenAlex resolution skipped: OpenAlex API budget/rate limit was exhausted; skipped remaining source searches.,,,,/sources?search=Nordic%20Journal%20of%20Nursing%20Research&filter=type:journal&per-page=5
nordisk-sygeplejeforskning,Nordisk sygeplejeforskning,Scandinavian University Press / Universitetsforlaget,unresolved,0,OpenAlex resolution skipped: OpenAlex API budget/rate limit was exhausted; skipped remaining source searches.,,,,/sources?search=Nordisk%20sygeplejeforskning&filter=type:journal&per-page=5
nurse-education-in-practice,Nurse Education in Practice,Elsevier,unresolved,0,OpenAlex resolution skipped: OpenAlex API budget/rate limit was exhausted; skipped remaining source searches.,,,,/sources?search=Nurse%20Education%20in%20Practice&filter=type:journal&per-page=5
nurse-education-today,Nurse Education Today,Elsevier / Churchill Livingstone,unresolved,0,OpenAlex resolution skipped: OpenAlex API budget/rate limit was exhausted; skipped remaining source searches.,,,,/sources?search=Nurse%20Education%20Today&filter=type:journal&per-page=5
nurse-educator,Nurse Educator,"Wolters Kluwer, Lippincott Williams & Wilkins",unresolved,0,OpenAlex resolution skipped: OpenAlex API budget/rate limit was exhausted; skipped remaining source searches.,,,,/sources?search=Nurse%20Educator&filter=type:journal&per-page=5
nurse-leader,Nurse Leader,Elsevier,unresolved,0,OpenAlex resolution skipped: OpenAlex API budget/rate limit was exhausted; skipped remaining source searches.,,,,/sources?search=Nurse%20Leader&filter=type:journal&per-page=5
nurse-media-journal-of-nursing,Nurse Media Journal of Nursing,"Diponegoro University, Department of Nursing",unresolved,0,OpenAlex resolution skipped: OpenAlex API budget/rate limit was exhausted; skipped remaining source searches.,,,,/sources?search=Nurse%20Media%20Journal%20of%20Nursing&filter=type:journal&per-page=5
nurse-practitioner,Nurse Practitioner,"Wolters Kluwer, Lippincott Williams & Wilkins",unresolved,0,OpenAlex resolution skipped: OpenAlex API budget/rate limit was exhausted; skipped remaining source searches.,,,,/sources?search=Nurse%20Practitioner&filter=type:journal&per-page=5
nurse-researcher,Nurse Researcher,RCNi / RCN Publishing,unresolved,0,OpenAlex resolution skipped: OpenAlex API budget/rate limit was exhausted; skipped remaining source searches.,,,,/sources?search=Nurse%20Researcher&filter=type:journal&per-page=5
nursing,Nursing,"Wolters Kluwer, Lippincott Williams & Wilkins",unresolved,0,OpenAlex resolution skipped: OpenAlex API budget/rate limit was exhausted; skipped remaining source searches.,,,,/sources?search=Nursing&filter=type:journal&per-page=5
nursing-administration-quarterly,Nursing Administration Quarterly,"Wolters Kluwer, Lippincott Williams & Wilkins",unresolved,0,OpenAlex resolution skipped: OpenAlex API budget/rate limit was exhausted; skipped remaining source searches.,,,,/sources?search=Nursing%20Administration%20Quarterly&filter=type:journal&per-page=5
nursing-and-health-sciences,Nursing and Health Sciences,Wiley,unresolved,0,OpenAlex resolution skipped: OpenAlex API budget/rate limit was exhausted; skipped remaining source searches.,,,,/sources?search=Nursing%20and%20Health%20Sciences&filter=type:journal&per-page=5
nursing-and-midwifery-studies,Nursing and Midwifery Studies,Kashan University of Medical Sciences,unresolved,0,OpenAlex resolution skipped: OpenAlex API budget/rate limit was exhausted; skipped remaining source searches.,,,,/sources?search=Nursing%20and%20Midwifery%20Studies&filter=type:journal&per-page=5
nursing-care-and-research,Nursing Care and Research,Society of Nursing Studies,unresolved,0,OpenAlex resolution skipped: OpenAlex API budget/rate limit was exhausted; skipped remaining source searches.,,,,/sources?search=Nursing%20Care%20and%20Research&filter=type:journal&per-page=5
nursing-children-and-young-people,Nursing Children and Young People,RCNi / RCN Publishing,unresolved,0,OpenAlex resolution skipped: OpenAlex API budget/rate limit was exhausted; skipped remaining source searches.,,,,/sources?search=Nursing%20Children%20and%20Young%20People&filter=type:journal&per-page=5
nursing-clinics-of-north-america,Nursing Clinics of North America,Elsevier / W.B. Saunders,unresolved,0,OpenAlex resolution skipped: OpenAlex API budget/rate limit was exhausted; skipped remaining source searches.,,,,/sources?search=Nursing%20Clinics%20of%20North%20America&filter=type:journal&per-page=5
nursing-economic,Nursing Economic$,Anthony J. Jannetti,unresolved,0,OpenAlex resolution skipped: OpenAlex API budget/rate limit was exhausted; skipped remaining source searches.,,,,/sources?search=Nursing%20Economic%24&filter=type:journal&per-page=5
nursing-education-perspectives,Nursing Education Perspectives,Wolters Kluwer / National League for Nursing,unresolved,0,OpenAlex resolution skipped: OpenAlex API budget/rate limit was exhausted; skipped remaining source searches.,,,,/sources?search=Nursing%20Education%20Perspectives&filter=type:journal&per-page=5
nursing-ethics,Nursing Ethics,SAGE,unresolved,0,OpenAlex resolution skipped: OpenAlex API budget/rate limit was exhausted; skipped remaining source searches.,,,,/sources?search=Nursing%20Ethics&filter=type:journal&per-page=5
nursing-for-women-s-health,Nursing for Women’s Health,Elsevier,unresolved,0,OpenAlex resolution skipped: OpenAlex API budget/rate limit was exhausted; skipped remaining source searches.,,,,/sources?search=Nursing%20for%20Women%E2%80%99s%20Health&filter=type:journal&per-page=5
nursing-forum,Nursing Forum,Wiley,unresolved,0,OpenAlex resolution skipped: OpenAlex API budget/rate limit was exhausted; skipped remaining source searches.,,,,/sources?search=Nursing%20Forum&filter=type:journal&per-page=5
nursing-history-review,Nursing History Review,Springer Publishing Company / Texas Christian University Press,unresolved,0,OpenAlex resolution skipped: OpenAlex API budget/rate limit was exhausted; skipped remaining source searches.,,,,/sources?search=Nursing%20History%20Review&filter=type:journal&per-page=5
nursing-in-critical-care,Nursing in Critical Care,Wiley,unresolved,0,OpenAlex resolution skipped: OpenAlex API budget/rate limit was exhausted; skipped remaining source searches.,,,,/sources?search=Nursing%20in%20Critical%20Care&filter=type:journal&per-page=5
nursing-inquiry,Nursing Inquiry,Wiley,unresolved,0,OpenAlex resolution skipped: OpenAlex API budget/rate limit was exhausted; skipped remaining source searches.,,,,/sources?search=Nursing%20Inquiry&filter=type:journal&per-page=5
nursing-leadership,Nursing Leadership,Longwoods Publishing,unresolved,0,OpenAlex resolution skipped: OpenAlex API budget/rate limit was exhausted; skipped remaining source searches.,,,,/sources?search=Nursing%20Leadership&filter=type:journal&per-page=5
nursing-made-incredibly-easy,Nursing Made Incredibly Easy,"Wolters Kluwer, Lippincott Williams & Wilkins",unresolved,0,OpenAlex resolution skipped: OpenAlex API budget/rate limit was exhausted; skipped remaining source searches.,,,,/sources?search=Nursing%20Made%20Incredibly%20Easy&filter=type:journal&per-page=5
nursing-management,Nursing Management,"Wolters Kluwer, Lippincott Williams & Wilkins",unresolved,0,OpenAlex resolution skipped: OpenAlex API budget/rate limit was exhausted; skipped remaining source searches.,,,,/sources?search=Nursing%20Management&filter=type:journal&per-page=5
nursing-management-uk,"Nursing Management, UK",RCNi / RCN Publishing,unresolved,0,OpenAlex resolution skipped: OpenAlex API budget/rate limit was exhausted; skipped remaining source searches.,,,,/sources?search=Nursing%20Management%2C%20UK&filter=type:journal&per-page=5
nursing-older-people,Nursing Older People,RCNi / RCN Publishing,unresolved,0,OpenAlex resolution skipped: OpenAlex API budget/rate limit was exhausted; skipped remaining source searches.,,,,/sources?search=Nursing%20Older%20People&filter=type:journal&per-page=5
nursing-open,Nursing Open,Wiley,unresolved,0,OpenAlex resolution skipped: OpenAlex API budget/rate limit was exhausted; skipped remaining source searches.,,,,/sources?search=Nursing%20Open&filter=type:journal&per-page=5
nursing-outlook,Nursing Outlook,Elsevier,unresolved,0,OpenAlex resolution skipped: OpenAlex API budget/rate limit was exhausted; skipped remaining source searches.,,,,/sources?search=Nursing%20Outlook&filter=type:journal&per-page=5
nursing-philosophy,Nursing Philosophy,Wiley,unresolved,0,OpenAlex resolution skipped: OpenAlex API budget/rate limit was exhausted; skipped remaining source searches.,,,,/sources?search=Nursing%20Philosophy&filter=type:journal&per-page=5
nursing-practice-today,Nursing Practice Today,Tehran University of Medical Sciences,unresolved,0,OpenAlex resolution skipped: OpenAlex API budget/rate limit was exhausted; skipped remaining source searches.,,,,/sources?search=Nursing%20Practice%20Today&filter=type:journal&per-page=5
nursing-praxis-in-aotearoa-new-zealand,Nursing Praxis in Aotearoa New Zealand,Nursing Praxis in Aotearoa New Zealand / College of Nurses Aotearoa,unresolved,0,OpenAlex resolution skipped: OpenAlex API budget/rate limit was exhausted; skipped remaining source searches.,,,,/sources?search=Nursing%20Praxis%20in%20Aotearoa%20New%20Zealand&filter=type:journal&per-page=5
nursing-reports,Nursing Reports,MDPI,unresolved,0,OpenAlex resolution skipped: OpenAlex API budget/rate limit was exhausted; skipped remaining source searches.,,,,/sources?search=Nursing%20Reports&filter=type:journal&per-page=5
nursing-research,Nursing Research,"Wolters Kluwer, Lippincott Williams & Wilkins",unresolved,0,OpenAlex resolution skipped: OpenAlex API budget/rate limit was exhausted; skipped remaining source searches.,,,,/sources?search=Nursing%20Research&filter=type:journal&per-page=5
nursing-research-and-practice,Nursing Research and Practice,Wiley / Hindawi,unresolved,0,OpenAlex resolution skipped: OpenAlex API budget/rate limit was exhausted; skipped remaining source searches.,,,,/sources?search=Nursing%20Research%20and%20Practice&filter=type:journal&per-page=5
nursing-science-quarterly,Nursing Science Quarterly,SAGE,unresolved,0,OpenAlex resolution skipped: OpenAlex API budget/rate limit was exhausted; skipped remaining source searches.,,,,/sources?search=Nursing%20Science%20Quarterly&filter=type:journal&per-page=5
nursing-standard,Nursing Standard,RCNi / RCN Publishing,unresolved,0,OpenAlex resolution skipped: OpenAlex API budget/rate limit was exhausted; skipped remaining source searches.,,,,/sources?search=Nursing%20Standard&filter=type:journal&per-page=5
onco-news,Onco.News,Portuguese Oncology Nursing Association,unresolved,0,OpenAlex resolution skipped: OpenAlex API budget/rate limit was exhausted; skipped remaining source searches.,,,,/sources?search=Onco.News&filter=type:journal&per-page=5
oncology-nursing-forum,Oncology Nursing Forum,Oncology Nursing Society,unresolved,0,OpenAlex resolution skipped: OpenAlex API budget/rate limit was exhausted; skipped remaining source searches.,,,,/sources?search=Oncology%20Nursing%20Forum&filter=type:journal&per-page=5
online-brazilian-journal-of-nursing,Online Brazilian Journal of Nursing,Universidade Federal Fluminense,unresolved,0,OpenAlex resolution skipped: OpenAlex API budget/rate limit was exhausted; skipped remaining source searches.,,,,/sources?search=Online%20Brazilian%20Journal%20of%20Nursing&filter=type:journal&per-page=5
online-journal-of-issues-in-nursing,Online Journal of Issues in Nursing,American Nurses Association,unresolved,0,OpenAlex resolution skipped: OpenAlex API budget/rate limit was exhausted; skipped remaining source searches.,,,,/sources?search=Online%20Journal%20of%20Issues%20in%20Nursing&filter=type:journal&per-page=5
open-nursing-journal,Open Nursing Journal,Bentham Science,unresolved,0,OpenAlex resolution skipped: OpenAlex API budget/rate limit was exhausted; skipped remaining source searches.,,,,/sources?search=Open%20Nursing%20Journal&filter=type:journal&per-page=5
orthopaedic-nursing,Orthopaedic Nursing,"Wolters Kluwer, Lippincott Williams & Wilkins",unresolved,0,OpenAlex resolution skipped: OpenAlex API budget/rate limit was exhausted; skipped remaining source searches.,,,,/sources?search=Orthopaedic%20Nursing&filter=type:journal&per-page=5
pacific-rim-international-journal-of-nursing-research,Pacific Rim International Journal of Nursing Research,Thailand Nursing and Midwifery Council,unresolved,0,OpenAlex resolution skipped: OpenAlex API budget/rate limit was exhausted; skipped remaining source searches.,,,,/sources?search=Pacific%20Rim%20International%20Journal%20of%20Nursing%20Research&filter=type:journal&per-page=5
pain-management-nursing,Pain Management Nursing,Elsevier / W.B. Saunders,unresolved,0,OpenAlex resolution skipped: OpenAlex API budget/rate limit was exhausted; skipped remaining source searches.,,,,/sources?search=Pain%20Management%20Nursing&filter=type:journal&per-page=5
palliative-and-supportive-care,Palliative and Supportive Care,Cambridge University Press,unresolved,0,OpenAlex resolution skipped: OpenAlex API budget/rate limit was exhausted; skipped remaining source searches.,,,,/sources?search=Palliative%20and%20Supportive%20Care&filter=type:journal&per-page=5
palliative-care-and-social-practice,Palliative Care and Social Practice,SAGE,unresolved,0,OpenAlex resolution skipped: OpenAlex API budget/rate limit was exhausted; skipped remaining source searches.,,,,/sources?search=Palliative%20Care%20and%20Social%20Practice&filter=type:journal&per-page=5
palliative-medicine,Palliative Medicine,SAGE,unresolved,0,OpenAlex resolution skipped: OpenAlex API budget/rate limit was exhausted; skipped remaining source searches.,,,,/sources?search=Palliative%20Medicine&filter=type:journal&per-page=5
palliative-medicine-reports,Palliative Medicine Reports,SAGE,unresolved,0,OpenAlex resolution skipped: OpenAlex API budget/rate limit was exhausted; skipped remaining source searches.,,,,/sources?search=Palliative%20Medicine%20Reports&filter=type:journal&per-page=5
patient-experience-journal,Patient Experience Journal,The Beryl Institute,unresolved,0,OpenAlex resolution skipped: OpenAlex API budget/rate limit was exhausted; skipped remaining source searches.,,,,/sources?search=Patient%20Experience%20Journal&filter=type:journal&per-page=5
pediatric-nursing,Pediatric Nursing,Anthony J. Jannetti,unresolved,0,OpenAlex resolution skipped: OpenAlex API budget/rate limit was exhausted; skipped remaining source searches.,,,,/sources?search=Pediatric%20Nursing&filter=type:journal&per-page=5
pediomaternal-nursing-journal,Pediomaternal Nursing Journal,Airlangga University,unresolved,0,OpenAlex resolution skipped: OpenAlex API budget/rate limit was exhausted; skipped remaining source searches.,,,,/sources?search=Pediomaternal%20Nursing%20Journal&filter=type:journal&per-page=5
perioperative-care-and-operating-room-management,Perioperative Care and Operating Room Management,Elsevier,unresolved,0,OpenAlex resolution skipped: OpenAlex API budget/rate limit was exhausted; skipped remaining source searches.,,,,/sources?search=Perioperative%20Care%20and%20Operating%20Room%20Management&filter=type:journal&per-page=5
perspectives-in-psychiatric-care,Perspectives in Psychiatric Care,Wiley,unresolved,0,OpenAlex resolution skipped: OpenAlex API budget/rate limit was exhausted; skipped remaining source searches.,,,,/sources?search=Perspectives%20in%20Psychiatric%20Care&filter=type:journal&per-page=5
pflege,Pflege,Hogrefe,unresolved,0,OpenAlex resolution skipped: OpenAlex API budget/rate limit was exhausted; skipped remaining source searches.,,,,/sources?search=Pflege&filter=type:journal&per-page=5
philippine-journal-of-nursing,Philippine Journal of Nursing,Philippine Nurses Association,unresolved,0,OpenAlex resolution skipped: OpenAlex API budget/rate limit was exhausted; skipped remaining source searches.,,,,/sources?search=Philippine%20Journal%20of%20Nursing&filter=type:journal&per-page=5
pielegniarstwo-xxi-wieku,Pielegniarstwo XXI Wieku,Medical University of Lublin,unresolved,0,OpenAlex resolution skipped: OpenAlex API budget/rate limit was exhausted; skipped remaining source searches.,,,,/sources?search=Pielegniarstwo%20XXI%20Wieku&filter=type:journal&per-page=5
plastic-and-aesthetic-nursing,Plastic and Aesthetic Nursing,Wolters Kluwer,unresolved,0,OpenAlex resolution skipped: OpenAlex API budget/rate limit was exhausted; skipped remaining source searches.,,,,/sources?search=Plastic%20and%20Aesthetic%20Nursing&filter=type:journal&per-page=5
policy-politics-and-nursing-practice,"Policy, Politics, & Nursing Practice",SAGE,unresolved,0,OpenAlex resolution skipped: OpenAlex API budget/rate limit was exhausted; skipped remaining source searches.,,,,/sources?search=Policy%2C%20Politics%2C%20%26%20Nursing%20Practice&filter=type:journal&per-page=5
practising-midwife,Practising Midwife,All4Holdings,unresolved,0,OpenAlex resolution skipped: OpenAlex API budget/rate limit was exhausted; skipped remaining source searches.,,,,/sources?search=Practising%20Midwife&filter=type:journal&per-page=5
primary-health-care-research-and-development,Primary Health Care Research and Development,Cambridge University Press,unresolved,0,OpenAlex resolution skipped: OpenAlex API budget/rate limit was exhausted; skipped remaining source searches.,,,,/sources?search=Primary%20Health%20Care%20Research%20and%20Development&filter=type:journal&per-page=5
professional-case-management,Professional Case Management,"Wolters Kluwer, Lippincott Williams & Wilkins",unresolved,0,OpenAlex resolution skipped: OpenAlex API budget/rate limit was exhausted; skipped remaining source searches.,,,,/sources?search=Professional%20Case%20Management&filter=type:journal&per-page=5
progress-in-palliative-care,Progress in Palliative Care,Taylor & Francis,unresolved,0,OpenAlex resolution skipped: OpenAlex API budget/rate limit was exhausted; skipped remaining source searches.,,,,/sources?search=Progress%20in%20Palliative%20Care&filter=type:journal&per-page=5
public-health-nursing,Public Health Nursing,Wiley,unresolved,0,OpenAlex resolution skipped: OpenAlex API budget/rate limit was exhausted; skipped remaining source searches.,,,,/sources?search=Public%20Health%20Nursing&filter=type:journal&per-page=5
quality-advancement-in-nursing-education,Quality Advancement in Nursing Education,Canadian Association of Schools of Nursing,unresolved,0,OpenAlex resolution skipped: OpenAlex API budget/rate limit was exhausted; skipped remaining source searches.,,,,/sources?search=Quality%20Advancement%20in%20Nursing%20Education&filter=type:journal&per-page=5
quality-in-ageing-and-older-adults,Quality in Ageing and Older Adults,Emerald Publishing,unresolved,0,OpenAlex resolution skipped: OpenAlex API budget/rate limit was exhausted; skipped remaining source searches.,,,,/sources?search=Quality%20in%20Ageing%20and%20Older%20Adults&filter=type:journal&per-page=5
quality-management-in-health-care,Quality Management in Health Care,"Wolters Kluwer, Lippincott Williams & Wilkins",unresolved,0,OpenAlex resolution skipped: OpenAlex API budget/rate limit was exhausted; skipped remaining source searches.,,,,/sources?search=Quality%20Management%20in%20Health%20Care&filter=type:journal&per-page=5
recherche-en-soins-infirmiers,Recherche en Soins Infirmiers,Association de Recherche en Soins Infirmiers,unresolved,0,OpenAlex resolution skipped: OpenAlex API budget/rate limit was exhausted; skipped remaining source searches.,,,,/sources?search=Recherche%20en%20Soins%20Infirmiers&filter=type:journal&per-page=5
rehabilitation-nursing,Rehabilitation Nursing,"Wolters Kluwer, Lippincott Williams & Wilkins",unresolved,0,OpenAlex resolution skipped: OpenAlex API budget/rate limit was exhausted; skipped remaining source searches.,,,,/sources?search=Rehabilitation%20Nursing&filter=type:journal&per-page=5
research-and-theory-for-nursing-practice,Research and Theory for Nursing Practice,Springer Publishing Company,unresolved,0,OpenAlex resolution skipped: OpenAlex API budget/rate limit was exhausted; skipped remaining source searches.,,,,/sources?search=Research%20and%20Theory%20for%20Nursing%20Practice&filter=type:journal&per-page=5
research-in-community-and-public-health-nursing,Research in Community and Public Health Nursing,Korean Academy of Community Health Nursing,unresolved,0,OpenAlex resolution skipped: OpenAlex API budget/rate limit was exhausted; skipped remaining source searches.,,,,/sources?search=Research%20in%20Community%20and%20Public%20Health%20Nursing&filter=type:journal&per-page=5
research-in-gerontological-nursing,Research in Gerontological Nursing,SLACK Incorporated,unresolved,0,OpenAlex resolution skipped: OpenAlex API budget/rate limit was exhausted; skipped remaining source searches.,,,,/sources?search=Research%20in%20Gerontological%20Nursing&filter=type:journal&per-page=5
research-in-nursing-and-health,Research in Nursing and Health,Wiley,unresolved,0,OpenAlex resolution skipped: OpenAlex API budget/rate limit was exhausted; skipped remaining source searches.,,,,/sources?search=Research%20in%20Nursing%20and%20Health&filter=type:journal&per-page=5
rev-rene,Rev Rene,Universidade Federal do Ceará,unresolved,0,OpenAlex resolution skipped: OpenAlex API budget/rate limit was exhausted; skipped remaining source searches.,,,,/sources?search=Rev%20Rene&filter=type:journal&per-page=5
revista-baiana-de-enfermagem,Revista Baiana de Enfermagem,Universidade Federal da Bahia,unresolved,0,OpenAlex resolution skipped: OpenAlex API budget/rate limit was exhausted; skipped remaining source searches.,,,,/sources?search=Revista%20Baiana%20de%20Enfermagem&filter=type:journal&per-page=5
revista-brasileira-de-enfermagem,Revista Brasileira de Enfermagem,Associação Brasileira de Enfermagem,unresolved,0,OpenAlex resolution skipped: OpenAlex API budget/rate limit was exhausted; skipped remaining source searches.,,,,/sources?search=Revista%20Brasileira%20de%20Enfermagem&filter=type:journal&per-page=5
revista-cientifica-de-la-sociedad-espanola-de-enfermeria-neurologica,Revista Científica de la Sociedad Española de Enfermería Neurológica,Elsevier España,unresolved,0,OpenAlex resolution skipped: OpenAlex API budget/rate limit was exhausted; skipped remaining source searches.,,,,/sources?search=Revista%20Cient%C3%ADfica%20de%20la%20Sociedad%20Espa%C3%B1ola%20de%20Enfermer%C3%ADa%20Neurol%C3%B3gica&filter=type:journal&per-page=5
revista-cientifica-pensar-enfermagem,Revista Científica Pensar Enfermagem,"Nursing Research, Innovation and Development Centre of Lisbon, CIDNUR",unresolved,0,OpenAlex resolution skipped: OpenAlex API budget/rate limit was exhausted; skipped remaining source searches.,,,,/sources?search=Revista%20Cient%C3%ADfica%20Pensar%20Enfermagem&filter=type:journal&per-page=5
revista-cubana-de-enfermeria,Revista Cubana de Enfermería,Editorial Ciencias Médicas,unresolved,0,OpenAlex resolution skipped: OpenAlex API budget/rate limit was exhausted; skipped remaining source searches.,,,,/sources?search=Revista%20Cubana%20de%20Enfermer%C3%ADa&filter=type:journal&per-page=5
revista-cuidarte,Revista Cuidarte,Universidad de Santander,unresolved,0,OpenAlex resolution skipped: OpenAlex API budget/rate limit was exhausted; skipped remaining source searches.,,,,/sources?search=Revista%20Cuidarte&filter=type:journal&per-page=5
revista-da-escola-de-enfermagem-da-usp,Revista da Escola de Enfermagem da USP,"Universidade de São Paulo, Escola de Enfermagem",unresolved,0,OpenAlex resolution skipped: OpenAlex API budget/rate limit was exhausted; skipped remaining source searches.,,,,/sources?search=Revista%20da%20Escola%20de%20Enfermagem%20da%20USP&filter=type:journal&per-page=5
revista-de-enfermagem-referencia,Revista de Enfermagem Referência,Escola Superior de Enfermagem de Coimbra,unresolved,0,OpenAlex resolution skipped: OpenAlex API budget/rate limit was exhausted; skipped remaining source searches.,,,,/sources?search=Revista%20de%20Enfermagem%20Refer%C3%AAncia&filter=type:journal&per-page=5
revista-de-pesquisa-cuidado-e-fundamental-online,"Revista de Pesquisa, Cuidado é Fundamental Online",Universidade Federal do Estado do Rio de Janeiro,unresolved,0,OpenAlex resolution skipped: OpenAlex API budget/rate limit was exhausted; skipped remaining source searches.,,,,/sources?search=Revista%20de%20Pesquisa%2C%20Cuidado%20%C3%A9%20Fundamental%20Online&filter=type:journal&per-page=5
revista-enfermagem-uerj,Revista Enfermagem UERJ,"Universidade do Estado do Rio de Janeiro, Faculdade de Enfermagem",unresolved,0,OpenAlex resolution skipped: OpenAlex API budget/rate limit was exhausted; skipped remaining source searches.,,,,/sources?search=Revista%20Enfermagem%20UERJ&filter=type:journal&per-page=5
revista-gaucha-de-enfermagem,Revista Gaúcha de Enfermagem,"Universidade Federal do Rio Grande do Sul, Escola de Enfermagem",unresolved,0,OpenAlex resolution skipped: OpenAlex API budget/rate limit was exhausted; skipped remaining source searches.,,,,/sources?search=Revista%20Ga%C3%BAcha%20de%20Enfermagem&filter=type:journal&per-page=5
revista-latino-americana-de-enfermagem,Revista Latino-Americana de Enfermagem,"Universidade de São Paulo, Escola de Enfermagem de Ribeirão Preto",unresolved,0,OpenAlex resolution skipped: OpenAlex API budget/rate limit was exhausted; skipped remaining source searches.,,,,/sources?search=Revista%20Latino-Americana%20de%20Enfermagem&filter=type:journal&per-page=5
revista-mexicana-de-enfermeria-cardiologica,Revista Mexicana de Enfermería Cardiológica,Sociedad Mexicana de Cardiología,unresolved,0,OpenAlex resolution skipped: OpenAlex API budget/rate limit was exhausted; skipped remaining source searches.,,,,/sources?search=Revista%20Mexicana%20de%20Enfermer%C3%ADa%20Cardiol%C3%B3gica&filter=type:journal&per-page=5
revista-portuguesa-de-enfermagem-de-reabilitacao,Revista Portuguesa de Enfermagem de Reabilitação,Associação Portuguesa dos Enfermeiros de Reabilitação,unresolved,0,OpenAlex resolution skipped: OpenAlex API budget/rate limit was exhausted; skipped remaining source searches.,,,,/sources?search=Revista%20Portuguesa%20de%20Enfermagem%20de%20Reabilita%C3%A7%C3%A3o&filter=type:journal&per-page=5
revue-de-l-infirmiere,Revue de l’Infirmière,Elsevier Masson,unresolved,0,OpenAlex resolution skipped: OpenAlex API budget/rate limit was exhausted; skipped remaining source searches.,,,,/sources?search=Revue%20de%20l%E2%80%99Infirmi%C3%A8re&filter=type:journal&per-page=5
sage-open-nursing,SAGE Open Nursing,SAGE,unresolved,0,OpenAlex resolution skipped: OpenAlex API budget/rate limit was exhausted; skipped remaining source searches.,,,,/sources?search=SAGE%20Open%20Nursing&filter=type:journal&per-page=5
sages-femmes,Sages-Femmes,Elsevier Masson,unresolved,0,OpenAlex resolution skipped: OpenAlex API budget/rate limit was exhausted; skipped remaining source searches.,,,,/sources?search=Sages-Femmes&filter=type:journal&per-page=5
scandinavian-journal-of-caring-sciences,Scandinavian Journal of Caring Sciences,Wiley,unresolved,0,OpenAlex resolution skipped: OpenAlex API budget/rate limit was exhausted; skipped remaining source searches.,,,,/sources?search=Scandinavian%20Journal%20of%20Caring%20Sciences&filter=type:journal&per-page=5
seminars-in-oncology-nursing,Seminars in Oncology Nursing,Elsevier,unresolved,0,OpenAlex resolution skipped: OpenAlex API budget/rate limit was exhausted; skipped remaining source searches.,,,,/sources?search=Seminars%20in%20Oncology%20Nursing&filter=type:journal&per-page=5
sexual-and-reproductive-healthcare,Sexual & Reproductive Healthcare,Elsevier,unresolved,0,OpenAlex resolution skipped: OpenAlex API budget/rate limit was exhausted; skipped remaining source searches.,,,,/sources?search=Sexual%20%26%20Reproductive%20Healthcare&filter=type:journal&per-page=5
soins-aides-soignantes,Soins Aides-Soignantes,Elsevier Masson,unresolved,0,OpenAlex resolution skipped: OpenAlex API budget/rate limit was exhausted; skipped remaining source searches.,,,,/sources?search=Soins%20Aides-Soignantes&filter=type:journal&per-page=5
soins-gerontologie,Soins Gérontologie,Elsevier Masson,unresolved,0,OpenAlex resolution skipped: OpenAlex API budget/rate limit was exhausted; skipped remaining source searches.,,,,/sources?search=Soins%20G%C3%A9rontologie&filter=type:journal&per-page=5
soins-pediatrie-puericulture,Soins Pédiatrie/Puériculture,Elsevier Masson,unresolved,0,OpenAlex resolution skipped: OpenAlex API budget/rate limit was exhausted; skipped remaining source searches.,,,,/sources?search=Soins%20P%C3%A9diatrie/Pu%C3%A9riculture&filter=type:journal&per-page=5
soins-psychiatrie,Soins Psychiatrie,Elsevier Masson,unresolved,0,OpenAlex resolution skipped: OpenAlex API budget/rate limit was exhausted; skipped remaining source searches.,,,,/sources?search=Soins%20Psychiatrie&filter=type:journal&per-page=5
soins-la-revue-de-reference-infirmiere,"Soins, La Revue de Référence Infirmière",Elsevier Masson,unresolved,0,OpenAlex resolution skipped: OpenAlex API budget/rate limit was exhausted; skipped remaining source searches.,,,,/sources?search=Soins%2C%20La%20Revue%20de%20R%C3%A9f%C3%A9rence%20Infirmi%C3%A8re&filter=type:journal&per-page=5
supportive-care-in-cancer,Supportive Care in Cancer,Springer Nature,unresolved,0,OpenAlex resolution skipped: OpenAlex API budget/rate limit was exhausted; skipped remaining source searches.,,,,/sources?search=Supportive%20Care%20in%20Cancer&filter=type:journal&per-page=5
sykepleien-forskning,Sykepleien Forskning,Norsk Sykepleierforbund,unresolved,0,OpenAlex resolution skipped: OpenAlex API budget/rate limit was exhausted; skipped remaining source searches.,,,,/sources?search=Sykepleien%20Forskning&filter=type:journal&per-page=5
teaching-and-learning-in-nursing,Teaching and Learning in Nursing,Elsevier,unresolved,0,OpenAlex resolution skipped: OpenAlex API budget/rate limit was exhausted; skipped remaining source searches.,,,,/sources?search=Teaching%20and%20Learning%20in%20Nursing&filter=type:journal&per-page=5
texto-and-contexto-enfermagem,Texto & Contexto Enfermagem,Universidade Federal de Santa Catarina,unresolved,0,OpenAlex resolution skipped: OpenAlex API budget/rate limit was exhausted; skipped remaining source searches.,,,,/sources?search=Texto%20%26%20Contexto%20Enfermagem&filter=type:journal&per-page=5
tidsskrift-for-omsorgsforskning,Tidsskrift for omsorgsforskning,Scandinavian University Press / Universitetsforlaget,unresolved,0,OpenAlex resolution skipped: OpenAlex API budget/rate limit was exhausted; skipped remaining source searches.,,,,/sources?search=Tidsskrift%20for%20omsorgsforskning&filter=type:journal&per-page=5
tidsskrift-for-psykisk-helsearbeid,Tidsskrift for psykisk helsearbeid,Scandinavian University Press / Universitetsforlaget,unresolved,0,OpenAlex resolution skipped: OpenAlex API budget/rate limit was exhausted; skipped remaining source searches.,,,,/sources?search=Tidsskrift%20for%20psykisk%20helsearbeid&filter=type:journal&per-page=5
urologic-nursing,Urologic Nursing,Society of Urologic Nurses and Associates / Anthony J. Jannetti,unresolved,0,OpenAlex resolution skipped: OpenAlex API budget/rate limit was exhausted; skipped remaining source searches.,,,,/sources?search=Urologic%20Nursing&filter=type:journal&per-page=5
western-journal-of-nursing-research,Western Journal of Nursing Research,SAGE,unresolved,0,OpenAlex resolution skipped: OpenAlex API budget/rate limit was exhausted; skipped remaining source searches.,,,,/sources?search=Western%20Journal%20of%20Nursing%20Research&filter=type:journal&per-page=5
women-and-birth,Women and Birth,Elsevier / Australian College of Midwives,unresolved,0,OpenAlex resolution skipped: OpenAlex API budget/rate limit was exhausted; skipped remaining source searches.,,,,/sources?search=Women%20and%20Birth&filter=type:journal&per-page=5
women-s-health-nursing,Women’s Health Nursing,Korean Society of Women Health Nursing,unresolved,0,OpenAlex resolution skipped: OpenAlex API budget/rate limit was exhausted; skipped remaining source searches.,,,,/sources?search=Women%E2%80%99s%20Health%20Nursing&filter=type:journal&per-page=5
working-with-older-people,Working with Older People,Emerald Publishing,unresolved,0,OpenAlex resolution skipped: OpenAlex API budget/rate limit was exhausted; skipped remaining source searches.,,,,/sources?search=Working%20with%20Older%20People&filter=type:journal&per-page=5
workplace-health-and-safety,Workplace Health & Safety,SAGE / American Association of Occupational Health Nurses,unresolved,0,OpenAlex resolution skipped: OpenAlex API budget/rate limit was exhausted; skipped remaining source searches.,,,,/sources?search=Workplace%20Health%20%26%20Safety&filter=type:journal&per-page=5
worldviews-on-evidence-based-nursing,Worldviews on Evidence-Based Nursing,Wiley / Sigma Theta Tau International Honor Society of Nursing,unresolved,0,OpenAlex resolution skipped: OpenAlex API budget/rate limit was exhausted; skipped remaining source searches.,,,,/sources?search=Worldviews%20on%20Evidence-Based%20Nursing&filter=type:journal&per-page=5
wound-management-and-prevention,Wound Management & Prevention,HMP Global,unresolved,0,OpenAlex resolution skipped: OpenAlex API budget/rate limit was exhausted; skipped remaining source searches.,,,,/sources?search=Wound%20Management%20%26%20Prevention&filter=type:journal&per-page=5
wound-practice-and-research,Wound Practice and Research,Cambridge Media / Wounds Australia,unresolved,0,OpenAlex resolution skipped: OpenAlex API budget/rate limit was exhausted; skipped remaining source searches.,,,,/sources?search=Wound%20Practice%20and%20Research&filter=type:journal&per-page=5
wounds-a-compendium-of-clinical-research-and-practice,Wounds: A Compendium of Clinical Research and Practice,HMP Global,unresolved,0,OpenAlex resolution skipped: OpenAlex API budget/rate limit was exhausted; skipped remaining source searches.,,,,/sources?search=Wounds%3A%20A%20Compendium%20of%20Clinical%20Research%20and%20Practice&filter=type:journal&per-page=5
